ID,Cat,X,Y,ODI,ODI_norm,Ti,Hi,Di,Mi
42-17,geo,493819.99,5403253.54,156.1649378797997,0.01792134074954648,39.543877229869224,241.38375208288926,0.5002946308858924,0
44-20,geo,494139.87,5403910.06,165.47862110148057,0.06838171210358228,38.10588328267363,260.46094692020694,0.5005114065488294,0
44-21,geo,494281.28,5403430.68,153.55270036381137,0.0037685644542489022,34.539876987396354,242.68468311829724,0.5007685494110949,0
46-17,geo,494772.09,5403559.76,229.77215354533786,0.4167160332911012,63.30218759516477,238.38134756191465,0.9984936603514494,13
46-18,geo,494932.54,5403086.53,152.85712055364507,0,27.83569798548161,249.52876461294335,0.7991008054161278,0
48-20,geo,495395.96,5403245.75,159.11004107924703,0.03387754170494578,31.65057532048609,256.56649918259865,0.5009606280953155,0
48-19,geo,495234.32,5403718.35,183.62449967024122,0.16669381369980266,58.843075020450414,268.6729960707685,0.5009352027252125,0
BK14-7,geo,495198.22,5404068.78,173.9501388623969,0.11427933627369015,5.442800823311713,316.34764461378813,0.5999945957065467,0
BND-1,gray,493819.99,5403086.53,156.95496664097806,0.022201617812935132,39.24123167052155,243.2175780302696,0.518251486484427,0
BND-2,gray,495395.96,5403086.53,160.18750277408844,0.03971509446977286,33.213519936977534,256.62826681013746,0.549402019786349,0
BND-3,gray,495395.96,5404068.78,173.8343853157579,0.11365219802881696,19.28102853554737,299.1111006170469,0.5958009056303692,0
BND-4,gray,493819.99,5404068.78,163.8883128677628,0.0597656209041334,38.38245263774931,257.1485515600045,0.5458804641311439,0
WF-1-LOC1,pink,493827.2631,5403730.276,170.15495933433579,0.09371752804132508,38.49112054584397,252.95269083016765,0.5432983939994489,13
WF-1-LOC2,pink,495204.715,5403730.059,191.7892390505632,0.2109293509554506,58.320671457584304,268.7786834493748,0.5041172752533846,13
WF-1-LOC3,pink,495204.715,5403525.741,181.96887700987764,0.15772385710200615,47.61411792021845,263.6688045779144,0.5866166048755042,13
WF-1-LOC4,pink,493827.2631,5403526.016,167.13337827153453,0.07734697958307966,38.72827726323526,247.0490477371724,0.534292881590702,13
WF-1-BJ1,green,493852.30767999997,5403730.272054545,170.28672953483618,0.09443144251451303,38.46676321963215,253.22792837129006,0.5422284025327484,13
WF-1-BJ2,green,493877.35225999996,5403730.268109091,170.42688858330447,0.09519080671726739,38.44172039019884,253.5196275066625,0.5410808742526514,13
WF-1-BJ3,green,493902.39684,5403730.264163636,170.57367572733529,0.09598608111317457,38.41651840033025,253.82386766012934,0.5398583972888715,13
WF-1-BJ4,green,493927.44142,5403730.260218182,170.72482075276042,0.0968049659656799,38.39176408948246,254.1356792424694,0.5385722603305154,13
WF-1-BJ5,green,493952.486,5403730.256272727,170.87747200891954,0.09763201138800198,38.36814081753403,254.4489139639595,0.5372446762739765,13
WF-1-BJ6,green,493977.53057999996,5403730.252327273,171.027693760031,0.09844589405569813,38.346559414132805,254.75512277444963,0.5359148915590771,13
WF-1-BJ7,green,494002.57516,5403730.248381818,171.16855293286318,0.09920905144473059,38.328441377196185,255.03964102030784,0.5346687163798576,13
WF-1-BJ8,green,494027.61974,5403730.244436364,171.2944356784032,0.0998910684229577,38.31447071877544,255.29116122685429,0.5335964205512346,13
WF-1-BJ9,green,494052.66432,5403730.240490909,171.39877496236005,0.10045636561956199,38.30576428099502,255.49606528371666,0.5328066977236063,13
WF-1-BJ10,green,494077.70889999997,5403730.236545455,171.47487780751544,0.10086868132069088,38.30366358286402,255.6402190744076,0.5324233048165423,13
WF-1-BJ11,green,494102.75348,5403730.2326,171.51660910871362,0.10109477629358468,38.30984871825278,255.71010518145013,0.5325795758624216,13
WF-1-BJ12,green,494127.79806,5403730.228654545,171.51922464575492,0.1011089469462956,38.326473761010725,255.69420688763768,0.5334116194811701,13
WF-1-BJ13,green,494152.84264,5403730.224709091,171.477935136705,0.10088524554803095,38.357595968195554,255.5785611405915,0.5351134171905981,13
WF-1-BJ14,green,494177.88722,5403730.220763636,171.39517398208798,0.10043685595862097,38.41002070224922,255.3592445431463,0.5378850482373191,13
WF-1-BJ15,green,494202.9318,5403730.216818182,171.28777189843254,0.09985496489614258,38.48771205723373,255.06267710820208,0.5416762671229568,13
WF-1-BJ16,green,494227.97638,5403730.212872727,171.17090297156346,0.09922178366062094,38.59749620635768,254.70864632098173,0.546526359946659,13
WF-1-BJ17,green,494253.02096,5403730.208927273,171.06197723244912,0.09863163762334456,38.74701206305189,254.32009887662088,0.5524644332977745,13
WF-1-BJ18,green,494278.06554,5403730.204981818,170.97899550888087,0.09818205301893107,38.94447979523564,253.920364643319,0.5595188503777918,13
WF-1-BJ19,green,494303.11011999997,5403730.201036364,170.93895279456763,0.09796510659868281,39.19844787750769,253.53049765554562,0.5677254101177414,13
WF-1-BJ20,green,494328.1547,5403730.197090909,170.9621212284365,0.0980906302770052,39.523838322588574,253.1697569419376,0.5772410814640432,13
WF-1-BJ21,green,494353.19928,5403730.193145455,171.06333276573065,0.0986389817332032,39.934361139135845,252.84879012385642,0.5882023681828248,13
WF-1-BJ22,green,494378.24386,5403730.1892,171.2387398365588,0.09958931531460614,40.42887073489442,252.561886429046,0.6005275663812422,13
WF-1-BJ23,green,494403.28844,5403730.185254545,171.48817944980127,0.10094074795570362,41.01274176027195,252.30211564520476,0.6142592027099824,13
WF-1-BJ24,green,494428.33302,5403730.181309091,171.80854598787812,0.10267645380869349,41.689542286377176,252.05931322768737,0.6294078249358361,13
WF-1-BJ25,green,494453.3776,5403730.177363636,172.19411807382966,0.10476543516846036,42.460590231312864,251.82123705669696,0.6459421180373585,13
WF-1-BJ26,green,494478.42218,5403730.173418182,172.63686883368416,0.10716420343529731,43.324484323145015,251.57472431955892,0.6637799410190017,13
WF-1-BJ27,green,494503.46676,5403730.169472727,173.1297155747544,0.10983438546566092,44.2838352775057,251.30342304185135,0.6828621133978412,13
WF-1-BJ28,green,494528.51134,5403730.165527273,173.6558151944231,0.11268472743519461,45.32417569440552,250.99395104023628,0.7028596298606142,13
WF-1-BJ29,green,494553.55592,5403730.161581818,174.19653686502235,0.1156142898487087,46.41841814259853,250.64517935992694,0.7233054304826929,13
WF-1-BJ30,green,494578.6005,5403730.157636364,174.737770253156,0.11854662468385219,47.54327982478031,250.25968151720124,0.7437813156507541,13
WF-1-BJ31,green,494603.64508,5403730.153690909,175.26572838150526,0.12140703582107763,48.67024117314701,249.84709804842788,0.7638038487899225,13
WF-1-BJ32,green,494628.68966000003,5403730.149745455,175.7675619272598,0.12412590723574414,49.76581210893006,249.4249482582721,0.7828306095053303,13
WF-1-BJ33,green,494653.73424,5403730.1458,176.2320182707699,0.12664227364132477,50.79203584348496,249.01923210460768,0.8002686534505092,13
WF-1-BJ34,green,494678.77882,5403730.141854545,176.64433188133674,0.12887613723839164,51.6877363534567,248.67813061993402,0.8151291688073757,13
WF-1-BJ35,green,494703.8234,5403730.137909091,177.00111912191966,0.1308091659044607,52.397730295149344,248.4635400694706,0.8265984521093374,13
WF-1-BJ36,green,494728.86798000004,5403730.133963636,177.31006338758192,0.13248298731345257,52.894927990561264,248.4232013081965,0.8343032786836427,13
WF-1-BJ37,green,494753.91256,5403730.130018182,177.57990973361703,0.13394498108169284,53.150964753795876,248.60843484187126,0.8377670368512673,13
WF-1-BJ38,green,494778.95714,5403730.126072727,177.82440143543823,0.13526960655726827,53.15009062090919,249.06428017534392,0.8366528323817789,13
WF-1-BJ39,green,494804.00172,5403730.122127273,178.06174478922395,0.13655550317683124,52.89209511545024,249.8248917619131,0.8307947710875049,13
WF-1-BJ40,green,494829.0463,5403730.118181818,178.3137987734129,0.13792110015288384,52.39470540555354,250.9090736528469,0.8202232684743817,13
WF-1-BJ41,green,494854.09088000003,5403730.114236364,178.61437141569542,0.1395495651529745,51.68107841801289,252.3512550834559,0.8047018894256447,13
WF-1-BJ42,green,494879.13546,5403730.110290909,178.99310187212942,0.141601479419315,50.849252710049036,254.08555749295806,0.7851983499850596,13
WF-1-BJ43,green,494904.18004,5403730.106345455,179.46697262185305,0.14416885190082768,49.996343400040615,256.02369071401034,0.7627525021812277,13
WF-1-BJ44,green,494929.22462,5403730.1024,180.0519616316713,0.14733824922419203,49.21021288406051,258.0869851926028,0.7381197679458275,13
WF-1-BJ45,green,494954.26920000004,5403730.098454545,180.75959319179813,0.15117210855308935,48.57874218786375,260.18847627384656,0.7120435982290066,13
WF-1-BJ46,green,494979.31378,5403730.094509091,181.59675161283366,0.1557077282217157,48.1854034190121,262.23801856531776,0.6852174290697477,13
WF-1-BJ47,green,495004.35836,5403730.090563636,182.56557635488224,0.16095669955745395,48.105012575626546,264.14732636744526,0.6582558298983523,13
WF-1-BJ48,green,495029.40294,5403730.086618182,183.67949646377372,0.16699177945179117,48.4604380010397,265.78996570179066,0.6318203923362433,13
WF-1-BJ49,green,495054.44752000005,5403730.082672727,184.90979037765888,0.17365735807322635,49.25577370934863,267.10733413315586,0.6064266746019641,13
WF-1-BJ50,green,495079.49210000003,5403730.078727273,186.22102825186124,0.1807614809525298,50.451488276388254,268.0820765286907,0.5824595281230699,13
WF-1-BJ51,green,495104.53668,5403730.074781818,187.56925246487035,0.18806599119167708,51.9839832846173,268.71056078684074,0.5603982947401825,13
WF-1-BJ52,green,495129.58126,5403730.070836364,188.89241145575505,0.19523470119085867,53.737360072335896,269.019833616205,0.5408102670608819,13
WF-1-BJ53,green,495154.62584000005,5403730.066890909,190.11090575811448,0.20183635099216438,55.543439582918154,269.06861546001693,0.5243382406880728,13
WF-1-BJ54,green,495179.67042000004,5403730.062945455,191.13074681243785,0.20736172233005287,57.18775024285656,268.94582019130445,0.5116589692864619,13
WF-1-BJ55,green,495204.715,5403704.51925,191.74655993535217,0.21069812084472525,58.315351717243075,268.7057537676415,0.5045492931285948,13
WF-1-BJ56,green,495204.715,5403678.9795,191.23156105771307,0.20790792130775937,57.605601573097324,268.619802089604,0.5099090130642707,13
WF-1-BJ57,green,495204.715,5403653.439750001,190.27954297542323,0.20275000635352577,56.38192852296788,268.35231725731273,0.5195522213143091,13
WF-1-BJ58,green,495204.715,5403627.9,188.96444976738826,0.19562499575748807,54.821049989838826,267.82375950737253,0.5323118871522396,13
WF-1-BJ59,green,495204.715,5403602.36025,187.38204119984826,0.18705170396182125,53.07062743448656,267.0309767861444,0.5467426038226084,13
WF-1-BJ60,green,495204.715,5403576.8205,185.63189798938606,0.17756964683998488,51.24146592238766,266.0232608505932,0.5613869284305173,13
WF-1-BJ61,green,495204.715,5403551.280750001,183.80350811446058,0.16766365907201697,49.40785444130245,264.8759928762966,0.5749885862354762,13
WF-1-BJ62,green,495179.67042000004,5403525.746,181.7565880731371,0.1565737021818404,47.68566376703427,263.1826255434843,0.5964958546984267,13
WF-1-BJ63,green,495154.62584000005,5403525.751,181.38746073383209,0.15457381640358045,47.68052822442898,262.49822765855384,0.6093024432350488,13
WF-1-BJ64,green,495129.58126,5403525.756,180.9188379012001,0.1520348764808071,47.67660607700776,261.6264389667105,0.6248068571854747,13
WF-1-BJ65,green,495104.53668,5403525.761,180.38598175043708,0.1491479284704654,47.735161180131726,260.5574011771435,0.6430780178719988,13
WF-1-BJ66,green,495079.49210000003,5403525.766000001,179.8253517237277,0.14611050507237036,47.91616050231742,259.28509488223517,0.6641346882149571,13
WF-1-BJ67,green,495054.44752000005,5403525.771000001,179.27280644813808,0.143116883845135,48.2750224428889,257.80799605885414,0.6879509163336933,13
WF-1-BJ68,green,495029.40294,5403525.776000001,178.76205887138195,0.1403497173248808,48.85960378806995,256.12991125674404,0.7144569597374337,13
WF-1-BJ69,green,495004.35836,5403525.781,178.32935446314218,0.13800537893515763,49.72390066838766,254.25177063591576,0.7436655469427107,13
WF-1-BJ70,green,494979.31378,5403525.786,178.01437056662016,0.13629883556120614,50.91384225724942,252.19085715113602,0.7754499769475679,13
WF-1-BJ71,green,494954.26920000004,5403525.791,177.8190422811763,0.1352405713294466,52.37418532223823,250.01904344781406,0.8089465654676721,13
WF-1-BJ72,green,494929.22462,5403525.796,177.74698392805084,0.13485016818051762,54.05987334326737,247.79875295445134,0.8433963667173916,13
WF-1-BJ73,green,494904.18004,5403525.801,177.79124439252791,0.1350899658438756,55.894886760604024,245.6109786446027,0.8777290564429234,13
WF-1-BJ74,green,494879.13546,5403525.806,177.933304855355,0.13585963167192244,57.77255368665255,243.55304059086387,0.9105565337129353,13
WF-1-BJ75,green,494854.09088000003,5403525.811000001,178.1427022201542,0.13699412041679704,59.55882199511649,241.7338496821822,0.9402035632807131,13
WF-1-BJ76,green,494829.0463,5403525.816000001,178.37407153147734,0.1382476504211368,61.0664045750823,240.30039050859136,0.9642369008767073,13
WF-1-BJ77,green,494804.00172,5403525.821,178.5559302668845,0.13923293831468023,62.0734816160095,239.39371364976262,0.9798930384175379,13
WF-1-BJ78,green,494778.95714,5403525.826,178.63718056281687,0.13967314226061522,62.52047775896511,238.9922879296149,0.9867886386127959,13
WF-1-BJ79,green,494753.91256,5403525.831,178.5808809481092,0.1393681179863706,62.37106508221737,239.07228187662042,0.9845689449113282,13
WF-1-BJ80,green,494728.86798000004,5403525.836,178.36365049021282,0.13819119052234194,61.64226320062613,239.5691955390981,0.9735389305704163,13
WF-1-BJ81,green,494703.8234,5403525.841,177.9758592999774,0.13609018633298417,60.395946339098714,240.3887011809656,0.9545574312011444,13
WF-1-BJ82,green,494678.77882,5403525.846,177.42054814531082,0.13308157991868344,58.7270840898128,241.41915445675767,0.9288927752414708,13
WF-1-BJ83,green,494653.73424,5403525.851,176.69958439917545,0.1291754884727021,56.73402760478385,242.54259327081053,0.8977520390254147,13
WF-1-BJ84,green,494628.68966000003,5403525.856000001,175.83727820479683,0.12450362131192726,54.55996939080204,243.62734454077594,0.8630367784398513,13
WF-1-BJ85,green,494603.64508,5403525.8610000005,174.87311759324558,0.1192799196521418,52.3261444265115,244.5969876593949,0.826552963838096,13
WF-1-BJ86,green,494578.6005,5403525.866,173.82857274970786,0.11362070627261005,50.10315130179583,245.4041853700379,0.7893567466103892,13
WF-1-BJ87,green,494553.55592,5403525.871,172.72460897974787,0.10763956857792163,47.94685384143506,246.01884405953734,0.7523527569915762,13
WF-1-BJ88,green,494528.51134,5403525.876,171.58193274681116,0.10144869159842619,45.900244915733424,246.42627024383356,0.7163157131613248,13
WF-1-BJ89,green,494503.46676,5403525.881,170.4213863799817,0.09516099646751716,43.995539004535644,246.6253215414763,0.681913107594271,13
WF-1-BJ90,green,494478.42218,5403525.886,169.26827173688224,0.08891356548670763,42.275825164865594,246.6096858608919,0.6500284954994386,13
WF-1-BJ91,green,494453.3776,5403525.891,168.15512190611224,0.08288265886293703,40.760750169691086,246.41541331755775,0.6213115478800301,13
WF-1-BJ92,green,494428.33302,5403525.896,167.10735478820226,0.07720598760368586,39.442497957475354,246.09929751112526,0.5959172074929364,13
WF-1-BJ93,green,494403.28844,5403525.901,166.15217017257208,0.0720309167676754,38.3265127296362,245.70507889149758,0.5741425257430408,13
WF-1-BJ94,green,494378.24386,5403525.906,165.31680825302138,0.06750503031950593,37.41486187812522,245.28076390152646,0.556184662002406,13
WF-1-BJ95,green,494353.19928,5403525.911,164.62707378902502,0.06376813522005548,36.70596506296737,244.8762219082907,0.5421237891565049,13
WF-1-BJ96,green,494328.1547,5403525.916,164.10552710890641,0.06094246050782281,36.194187371426096,244.54033003027075,0.5319064571885761,13
WF-1-BJ97,green,494303.11011999997,5403525.921,163.7917648627262,0.059242535882699884,35.88857332360426,244.33548866214647,0.5256923875726327,13
WF-1-BJ98,green,494278.06554,5403525.926,163.68168469418626,0.05864613529111541,35.75743126550896,244.29332546978384,0.5227620582564994,13
WF-1-BJ99,green,494253.02096,5403525.931,163.74464099350965,0.05898722465042913,35.76031210306647,244.40697874656507,0.5222199146797885,13
WF-1-BJ100,green,494227.97638,5403525.936,163.95484154761743,0.0601260649745677,35.86960642849855,244.6627155571701,0.5234300190645944,13
WF-1-BJ101,green,494202.9318,5403525.941,164.27893347527683,0.06188195452258982,36.0572099212861,245.03335587097772,0.5257708505366424,13
WF-1-BJ102,green,494177.88722,5403525.9459999995,164.67928111672762,0.06405098799489999,36.296311755490336,245.4821482382987,0.52867824777564,13
WF-1-BJ103,green,494152.84264,5403525.951,165.117488675515,0.06642514176631913,36.56304643248776,245.9672709223289,0.5316813024547496,13
WF-1-BJ104,green,494127.79806,5403525.956,165.5535062990487,0.06878743074230645,36.83666621973407,246.43997479295462,0.534358410205255,13
WF-1-BJ105,green,494102.75348,5403525.961,165.95356925007087,0.0709549217974646,37.1005886171463,246.85799190692384,0.5364909922615377,13
WF-1-BJ106,green,494077.70889999997,5403525.966,166.30302158848428,0.07284821088054495,37.348204189092044,247.20222866946386,0.5380462556369654,13
WF-1-BJ107,green,494052.66432,5403525.971,166.59346904965807,0.07442181891517821,37.576041680654924,247.46135482475944,0.5390260371944422,13
WF-1-BJ108,green,494027.61974,5403525.976,166.82192218122867,0.07565954942218214,37.78260476768787,247.63164040384916,0.5394712348572652,13
WF-1-BJ109,green,494002.57516,5403525.981,166.98985559969032,0.07656939168937468,37.967736476482486,247.71599381991,0.5394496490278979,13
WF-1-BJ110,green,493977.53057999996,5403525.986,167.10226680105293,0.07717842152538057,38.13207662357743,247.7228838461877,0.5390461506909813,13
WF-1-BJ111,green,493952.486,5403525.990999999,167.16163755779826,0.07750008486324944,38.27389128763573,247.65902864297635,0.5383334005876194,13
WF-1-BJ112,green,493927.44142,5403525.996,167.18521012665832,0.07762779809443153,38.396579147809966,247.55223246884253,0.5374668512029401,13
WF-1-BJ113,green,493902.39684,5403526.001,167.18535330281878,0.07762857380496989,38.50224312812452,247.42285503934863,0.5365526864323154,13
WF-1-BJ114,green,493877.35225999996,5403526.006,167.1714176093569,0.07755307195995051,38.59198128899448,247.28689168821506,0.5356738899323598,13
WF-1-BJ115,green,493852.30767999997,5403526.011,167.15174530696294,0.07744648988489376,38.66692942303799,247.15842199957672,0.5349015551421986,13
WF-1-BJ116,green,493827.2631,5403551.5485,167.50712863440742,0.07937191232508765,38.67044923970755,247.81376448687314,0.5369668449348923,13
WF-1-BJ117,green,493827.2631,5403577.081,167.88865290987968,0.08143896315371088,38.624104596671806,248.57897491182393,0.5391731472659531,13
WF-1-BJ118,green,493827.2631,5403602.6135,168.2753518835803,0.08353404985042549,38.58769464791004,249.34175416066157,0.5409107981395118,13
WF-1-BJ119,green,493827.2631,5403628.146,168.66405885284638,0.08564001561608618,38.55936285501292,250.09849747263326,0.542189630499758,13
WF-1-BJ120,green,493827.2631,5403653.678499999,169.05095980158137,0.08773619658828732,38.537190018994956,250.84447036560243,0.5430298852156697,13
WF-1-BJ121,green,493827.2631,5403679.210999999,169.43164940670823,0.08979872527732467,38.519384899692234,251.57367788927994,0.5434631275467711,13
WF-1-BJ122,green,493827.2631,5403704.7435,169.80130573553862,0.09180147705470203,38.50442092390848,252.27902064589577,0.5435334976248586,13
WF-1-ZX1,red,493929.3930987325,5403628.12991072,322.2078814610388,0.9175212513759289,38.36201829738538,250.73780121834852,0.542170243093356,13
WF-1-ZX2,red,493954.39309842227,5403628.125972288,322.2374633861786,0.9176815225481806,38.303191001911756,250.86512742563087,0.5422083225313319,13
WF-1-ZX3,red,493979.3930981121,5403628.122033857,322.24830856757217,0.9177402803851712,38.24087439037155,250.9619227986808,0.5422551767629055,13
WF-1-ZX4,red,494004.39309780183,5403628.118095425,322.23025815827043,0.9176424855241286,38.175010745748,251.00937464894758,0.5423235567087119,13
WF-1-ZX5,red,494029.39309749164,5403628.114156994,322.1809545639642,0.9173753648138182,38.10659174229872,251.00187461875225,0.5424328117769904,13
WF-1-ZX6,red,494054.3930971814,5403628.110218562,322.0985671446335,0.9169290000754674,38.03644340832973,250.9349956356121,0.5426070566175885,13
WF-1-ZX7,red,494079.39309687115,5403628.10628013,321.9822214710132,0.9162986537606337,37.96572260847647,250.80567840961368,0.5428764675460865,13
WF-1-ZX8,red,494104.39309656096,5403628.102341699,321.83354522628304,0.9154931444533015,37.89629975881415,250.61463334165364,0.5432777332611615,13
WF-1-ZX9,red,494129.3930962507,5403628.098403268,321.65725467747706,0.9145380242986619,37.831060667272524,250.3670582233559,0.5438564305376686,13
WF-1-ZX10,red,494154.39309594047,5403628.094464837,321.46172209199267,0.9134786531948231,37.774242371285894,250.07327828827306,0.5446705247614814,13
WF-1-ZX11,red,494179.3930956303,5403628.090526405,321.26383803648594,0.91240654212037,37.73761083897037,249.75014296402438,0.545897923598421,13
WF-1-ZX12,red,494204.39309532003,5403628.086587973,321.0875130414693,0.9114512353404673,37.730161513271625,249.4309834945749,0.5476410175425476,13
WF-1-ZX13,red,494229.39309500984,5403628.082649542,320.95372191302886,0.9107263717323445,37.764221050325084,249.13954572257825,0.550088304612699,13
WF-1-ZX14,red,494254.3930946996,5403628.07871111,320.8826167252172,0.9103411327139266,37.85373403515993,248.8960397555939,0.5534729048506974,13
WF-1-ZX15,red,494279.39309438935,5403628.074772679,320.89196665533757,0.9103917894664464,38.01361403342108,248.71504275908788,0.5580620998941787,13
WF-1-ZX16,red,494304.39309407916,5403628.070834247,320.99589191049137,0.9109548435067552,38.25922364214969,248.60378968665967,0.5641466244192443,13
WF-1-ZX17,red,494329.3930937689,5403628.0668958165,321.2064353632745,0.9120955416130497,38.60868662595607,248.56223587192494,0.5720780936644201,13
WF-1-ZX18,red,494354.39309345867,5403628.062957385,321.54431982874553,0.9139261574066745,39.09949023100482,248.5825176032298,0.5825590835860031,13
WF-1-ZX19,red,494379.3930931485,5403628.059018953,321.9865775960102,0.9163222547012907,39.725704714200624,248.62928753911132,0.5954790041845949,13
WF-1-ZX20,red,494404.39309283823,5403628.055080522,322.52643887569457,0.9192471556243889,40.4983340971141,248.67636910066864,0.6109980221259887,13
WF-1-ZX21,red,494429.39309252804,5403628.05114209,323.15478853228984,0.9226514755113022,41.42639242351355,248.69569927108552,0.629211031524731,13
WF-1-ZX22,red,494454.3930922178,5403628.047203659,323.8604816068563,0.9264748323677713,42.51637306681132,248.6585702045385,0.6501411077317734,13
WF-1-ZX23,red,494479.39309190755,5403628.043265227,324.6305792346368,0.9306471250420816,43.77162539214122,248.53683672810533,0.6737333331851545,13
WF-1-ZX24,red,494504.39309159736,5403628.039326795,325.4519876172092,0.9350974129712906,45.199989990031305,248.2965284361977,0.6999664830192811,13
WF-1-ZX25,red,494529.3930912871,5403628.035388364,326.3050339790066,0.9397191115167493,46.805256107931825,247.89648156244328,0.7286865048212899,13
WF-1-ZX26,red,494554.39309097687,5403628.031449933,327.16317445079886,0.9443684093133249,48.542458260531184,247.34298616497614,0.7590698019087949,13
WF-1-ZX27,red,494579.3930906667,5403628.027511502,328.0060489003853,0.9489349977100562,50.38175835738692,246.63512033138056,0.7905491787598258,13
WF-1-ZX28,red,494604.39309035643,5403628.02357307,328.8124405005609,0.9533039265895478,52.28222682576431,245.784064166752,0.8224223166143366,13
WF-1-ZX29,red,494629.39309004624,5403628.019634638,329.56078258832514,0.9573583504677976,54.19087276948477,244.81523810152703,0.8538427714389918,13
WF-1-ZX30,red,494654.393089736,5403628.015696207,330.22983406288574,0.9609831877161489,56.042093908907034,243.77023662290503,0.8838147424526848,13
WF-1-ZX31,red,494679.39308942575,5403628.011757775,330.7893864238192,0.9640147724557934,57.7352307909829,242.71730912466455,0.9108168364830662,13
WF-1-ZX32,red,494704.39308911556,5403628.007819344,331.2154464824498,0.966323112589971,59.13614965582097,241.77758969549325,0.932905521419205,13
WF-1-ZX33,red,494729.3930888053,5403628.003880912,331.51630029764505,0.9679531009497522,60.171407434943774,241.05718690835113,0.949095276617541,13
WF-1-ZX34,red,494754.39308849507,5403627.999942481,331.69828004259927,0.9689390444578937,60.76645508041092,240.65999179505866,0.9582572954386506,13
WF-1-ZX35,red,494779.3930881849,5403627.99600405,331.77872770408294,0.9693748998307262,60.87379672353024,240.6769586599102,0.9595814115279038,13
WF-1-ZX36,red,494804.39308787463,5403627.992065618,331.7856619515324,0.9694124687165293,60.481086519867844,241.17548746710014,0.9526795335085437,13
WF-1-ZX37,red,494829.39308756444,5403627.988127187,331.75658572554505,0.9692549373590659,59.61708928708286,242.18984619017368,0.9376647715490054,13
WF-1-ZX38,red,494854.3930872542,5403627.984188755,331.7443959059265,0.9691888944402711,58.3288045279601,243.76051655902546,0.9145495260749252,13
WF-1-ZX39,red,494879.39308694395,5403627.980250323,331.8099313355916,0.9695439572053487,56.79379378365266,245.78140636636738,0.8853014537415069,13
WF-1-ZX40,red,494904.39308663376,5403627.976311892,331.9879323701471,0.9705083445579445,55.18840226609822,248.09931713114693,0.8521631122581845,13
WF-1-ZX41,red,494929.3930863235,5403627.97237346,332.30497824320804,0.9722260594630078,53.645956979947485,250.5990700126266,0.8166536797342527,13
WF-1-ZX42,red,494954.39308601327,5403627.9684350295,332.777942356832,0.9747885199034747,52.28331141244293,253.16777123586064,0.7801371585240928,13
WF-1-ZX43,red,494979.3930857031,5403627.964496598,333.41411702092364,0.9782352347027675,51.19535019098454,255.70182388804977,0.743768489701103,13
WF-1-ZX44,red,495004.39308539283,5403627.960558167,334.21164826351566,0.98255615927254,50.451362731596554,258.1122065697898,0.7084673764825207,13
WF-1-ZX45,red,495029.39308508264,5403627.956619735,335.17729848850377,0.9877879314717039,50.15010426098317,260.2896158691268,0.6752815693040795,13
WF-1-ZX46,red,495054.3930847724,5403627.952681303,336.26621379641455,0.9936875384802785,50.25702770137147,262.1930241077518,0.6446706443914235,13
WF-1-ZX47,red,495079.39308446215,5403627.948742872,337.4313313999146,1,50.70849771353045,263.81315718700836,0.6168891544161152,13
