ID,X,Y,ODI,ODI归一化,类别,厚度Ti,间距Hi,埋深Di,采高Mi,垮落角,面宽,煤柱宽
42-17,493819.99,5403253.54,156.1649,0.017921,geo,39.54,241.38,0.5003,0.00,0.0,0.0,0.0
44-20,494139.87,5403910.06,165.4786,0.068382,geo,38.11,260.46,0.5005,0.00,0.0,0.0,0.0
44-21,494281.28,5403430.68,153.5527,0.003769,geo,34.54,242.68,0.5008,0.00,0.0,0.0,0.0
46-17,494772.09,5403559.76,229.7722,0.416716,geo,63.30,238.38,0.9985,13.00,0.0,67.9,0.0
46-18,494932.54,5403086.53,152.8571,0.000000,geo,27.84,249.53,0.7991,0.00,0.0,0.0,0.0
48-20,495395.96,5403245.75,159.1100,0.033878,geo,31.65,256.57,0.5010,0.00,0.0,0.0,0.0
48-19,495234.32,5403718.35,183.6245,0.166694,geo,58.84,268.67,0.5009,0.00,0.0,0.0,0.0
BK14-7,495198.22,5404068.78,173.9501,0.114279,geo,5.44,316.35,0.6000,0.00,0.0,0.0,0.0
BND-1,493819.99,5403086.53,156.9550,0.022202,gray,39.24,243.22,0.5183,0.00,0.0,0.0,0.0
BND-2,495395.96,5403086.53,160.1875,0.039715,gray,33.21,256.63,0.5494,0.00,0.0,0.0,0.0
BND-3,495395.96,5404068.78,173.8344,0.113652,gray,19.28,299.11,0.5958,0.00,0.0,0.0,0.0
BND-4,493819.99,5404068.78,163.8883,0.059766,gray,38.38,257.15,0.5459,0.00,0.0,0.0,0.0
WF-1-LOC1,493827.26,5403730.28,170.1550,0.093718,pink,38.49,252.95,0.5433,13.00,0.0,0.0,0.0
WF-1-LOC2,495204.72,5403730.06,191.7892,0.210929,pink,58.32,268.78,0.5041,13.00,0.0,0.0,0.0
WF-1-LOC3,495204.72,5403525.74,181.9689,0.157724,pink,47.61,263.67,0.5866,13.00,0.0,0.0,0.0
WF-1-LOC4,493827.26,5403526.02,167.1334,0.077347,pink,38.73,247.05,0.5343,13.00,0.0,0.0,0.0
WF-1-BJ1,493852.31,5403730.27,170.2867,0.094431,green,38.47,253.23,0.5422,13.00,0.0,0.0,0.0
WF-1-BJ2,493877.35,5403730.27,170.4269,0.095191,green,38.44,253.52,0.5411,13.00,0.0,0.0,0.0
WF-1-BJ3,493902.40,5403730.26,170.5737,0.095986,green,38.42,253.82,0.5399,13.00,0.0,0.0,0.0
WF-1-BJ4,493927.44,5403730.26,170.7248,0.096805,green,38.39,254.14,0.5386,13.00,0.0,0.0,0.0
WF-1-BJ5,493952.49,5403730.26,170.8775,0.097632,green,38.37,254.45,0.5372,13.00,0.0,0.0,0.0
WF-1-BJ6,493977.53,5403730.25,171.0277,0.098446,green,38.35,254.76,0.5359,13.00,0.0,0.0,0.0
WF-1-BJ7,494002.58,5403730.25,171.1686,0.099209,green,38.33,255.04,0.5347,13.00,0.0,0.0,0.0
WF-1-BJ8,494027.62,5403730.24,171.2944,0.099891,green,38.31,255.29,0.5336,13.00,0.0,0.0,0.0
WF-1-BJ9,494052.66,5403730.24,171.3988,0.100456,green,38.31,255.50,0.5328,13.00,0.0,0.0,0.0
WF-1-BJ10,494077.71,5403730.24,171.4749,0.100869,green,38.30,255.64,0.5324,13.00,0.0,0.0,0.0
WF-1-BJ11,494102.75,5403730.23,171.5166,0.101095,green,38.31,255.71,0.5326,13.00,0.0,0.0,0.0
WF-1-BJ12,494127.80,5403730.23,171.5192,0.101109,green,38.33,255.69,0.5334,13.00,0.0,0.0,0.0
WF-1-BJ13,494152.84,5403730.22,171.4779,0.100885,green,38.36,255.58,0.5351,13.00,0.0,0.0,0.0
WF-1-BJ14,494177.89,5403730.22,171.3952,0.100437,green,38.41,255.36,0.5379,13.00,0.0,0.0,0.0
WF-1-BJ15,494202.93,5403730.22,171.2878,0.099855,green,38.49,255.06,0.5417,13.00,0.0,0.0,0.0
WF-1-BJ16,494227.98,5403730.21,171.1709,0.099222,green,38.60,254.71,0.5465,13.00,0.0,0.0,0.0
WF-1-BJ17,494253.02,5403730.21,171.0620,0.098632,green,38.75,254.32,0.5525,13.00,0.0,0.0,0.0
WF-1-BJ18,494278.07,5403730.20,170.9790,0.098182,green,38.94,253.92,0.5595,13.00,0.0,0.0,0.0
WF-1-BJ19,494303.11,5403730.20,170.9390,0.097965,green,39.20,253.53,0.5677,13.00,0.0,0.0,0.0
WF-1-BJ20,494328.15,5403730.20,170.9621,0.098091,green,39.52,253.17,0.5772,13.00,0.0,0.0,0.0
WF-1-BJ21,494353.20,5403730.19,171.0633,0.098639,green,39.93,252.85,0.5882,13.00,0.0,0.0,0.0
WF-1-BJ22,494378.24,5403730.19,171.2387,0.099589,green,40.43,252.56,0.6005,13.00,0.0,0.0,0.0
WF-1-BJ23,494403.29,5403730.19,171.4882,0.100941,green,41.01,252.30,0.6143,13.00,0.0,0.0,0.0
WF-1-BJ24,494428.33,5403730.18,171.8085,0.102676,green,41.69,252.06,0.6294,13.00,0.0,0.0,0.0
WF-1-BJ25,494453.38,5403730.18,172.1941,0.104765,green,42.46,251.82,0.6459,13.00,0.0,0.0,0.0
WF-1-BJ26,494478.42,5403730.17,172.6369,0.107164,green,43.32,251.57,0.6638,13.00,0.0,0.0,0.0
WF-1-BJ27,494503.47,5403730.17,173.1297,0.109834,green,44.28,251.30,0.6829,13.00,0.0,0.0,0.0
WF-1-BJ28,494528.51,5403730.17,173.6558,0.112685,green,45.32,250.99,0.7029,13.00,0.0,0.0,0.0
WF-1-BJ29,494553.56,5403730.16,174.1965,0.115614,green,46.42,250.65,0.7233,13.00,0.0,0.0,0.0
WF-1-BJ30,494578.60,5403730.16,174.7378,0.118547,green,47.54,250.26,0.7438,13.00,0.0,0.0,0.0
WF-1-BJ31,494603.65,5403730.15,175.2657,0.121407,green,48.67,249.85,0.7638,13.00,0.0,0.0,0.0
WF-1-BJ32,494628.69,5403730.15,175.7676,0.124126,green,49.77,249.42,0.7828,13.00,0.0,0.0,0.0
WF-1-BJ33,494653.73,5403730.15,176.2320,0.126642,green,50.79,249.02,0.8003,13.00,0.0,0.0,0.0
WF-1-BJ34,494678.78,5403730.14,176.6443,0.128876,green,51.69,248.68,0.8151,13.00,0.0,0.0,0.0
WF-1-BJ35,494703.82,5403730.14,177.0011,0.130809,green,52.40,248.46,0.8266,13.00,0.0,0.0,0.0
WF-1-BJ36,494728.87,5403730.13,177.3101,0.132483,green,52.89,248.42,0.8343,13.00,0.0,0.0,0.0
WF-1-BJ37,494753.91,5403730.13,177.5799,0.133945,green,53.15,248.61,0.8378,13.00,0.0,0.0,0.0
WF-1-BJ38,494778.96,5403730.13,177.8244,0.135270,green,53.15,249.06,0.8367,13.00,0.0,0.0,0.0
WF-1-BJ39,494804.00,5403730.12,178.0617,0.136556,green,52.89,249.82,0.8308,13.00,0.0,0.0,0.0
WF-1-BJ40,494829.05,5403730.12,178.3138,0.137921,green,52.39,250.91,0.8202,13.00,0.0,0.0,0.0
WF-1-BJ41,494854.09,5403730.11,178.6144,0.139550,green,51.68,252.35,0.8047,13.00,0.0,0.0,0.0
WF-1-BJ42,494879.14,5403730.11,178.9931,0.141601,green,50.85,254.09,0.7852,13.00,0.0,0.0,0.0
WF-1-BJ43,494904.18,5403730.11,179.4670,0.144169,green,50.00,256.02,0.7628,13.00,0.0,0.0,0.0
WF-1-BJ44,494929.22,5403730.10,180.0520,0.147338,green,49.21,258.09,0.7381,13.00,0.0,0.0,0.0
WF-1-BJ45,494954.27,5403730.10,180.7596,0.151172,green,48.58,260.19,0.7120,13.00,0.0,0.0,0.0
WF-1-BJ46,494979.31,5403730.09,181.5968,0.155708,green,48.19,262.24,0.6852,13.00,0.0,0.0,0.0
WF-1-BJ47,495004.36,5403730.09,182.5656,0.160957,green,48.11,264.15,0.6583,13.00,0.0,0.0,0.0
WF-1-BJ48,495029.40,5403730.09,183.6795,0.166992,green,48.46,265.79,0.6318,13.00,0.0,0.0,0.0
WF-1-BJ49,495054.45,5403730.08,184.9098,0.173657,green,49.26,267.11,0.6064,13.00,0.0,0.0,0.0
WF-1-BJ50,495079.49,5403730.08,186.2210,0.180761,green,50.45,268.08,0.5825,13.00,0.0,0.0,0.0
WF-1-BJ51,495104.54,5403730.07,187.5693,0.188066,green,51.98,268.71,0.5604,13.00,0.0,0.0,0.0
WF-1-BJ52,495129.58,5403730.07,188.8924,0.195235,green,53.74,269.02,0.5408,13.00,0.0,0.0,0.0
WF-1-BJ53,495154.63,5403730.07,190.1109,0.201836,green,55.54,269.07,0.5243,13.00,0.0,0.0,0.0
WF-1-BJ54,495179.67,5403730.06,191.1307,0.207362,green,57.19,268.95,0.5117,13.00,0.0,0.0,0.0
WF-1-BJ55,495204.72,5403704.52,191.7466,0.210698,green,58.32,268.71,0.5045,13.00,0.0,0.0,0.0
WF-1-BJ56,495204.72,5403678.98,191.2316,0.207908,green,57.61,268.62,0.5099,13.00,0.0,0.0,0.0
WF-1-BJ57,495204.72,5403653.44,190.2795,0.202750,green,56.38,268.35,0.5196,13.00,0.0,0.0,0.0
WF-1-BJ58,495204.72,5403627.90,188.9644,0.195625,green,54.82,267.82,0.5323,13.00,0.0,0.0,0.0
WF-1-BJ59,495204.72,5403602.36,187.3820,0.187052,green,53.07,267.03,0.5467,13.00,0.0,0.0,0.0
WF-1-BJ60,495204.72,5403576.82,185.6319,0.177570,green,51.24,266.02,0.5614,13.00,0.0,0.0,0.0
WF-1-BJ61,495204.72,5403551.28,183.8035,0.167664,green,49.41,264.88,0.5750,13.00,0.0,0.0,0.0
WF-1-BJ62,495179.67,5403525.75,181.7566,0.156574,green,47.69,263.18,0.5965,13.00,0.0,0.0,0.0
WF-1-BJ63,495154.63,5403525.75,181.3875,0.154574,green,47.68,262.50,0.6093,13.00,0.0,0.0,0.0
WF-1-BJ64,495129.58,5403525.76,180.9188,0.152035,green,47.68,261.63,0.6248,13.00,0.0,0.0,0.0
WF-1-BJ65,495104.54,5403525.76,180.3860,0.149148,green,47.74,260.56,0.6431,13.00,0.0,0.0,0.0
WF-1-BJ66,495079.49,5403525.77,179.8254,0.146111,green,47.92,259.29,0.6641,13.00,0.0,0.0,0.0
WF-1-BJ67,495054.45,5403525.77,179.2728,0.143117,green,48.28,257.81,0.6880,13.00,0.0,0.0,0.0
WF-1-BJ68,495029.40,5403525.78,178.7621,0.140350,green,48.86,256.13,0.7145,13.00,0.0,0.0,0.0
WF-1-BJ69,495004.36,5403525.78,178.3294,0.138005,green,49.72,254.25,0.7437,13.00,0.0,0.0,0.0
WF-1-BJ70,494979.31,5403525.79,178.0144,0.136299,green,50.91,252.19,0.7754,13.00,0.0,0.0,0.0
WF-1-BJ71,494954.27,5403525.79,177.8190,0.135241,green,52.37,250.02,0.8089,13.00,0.0,0.0,0.0
WF-1-BJ72,494929.22,5403525.80,177.7470,0.134850,green,54.06,247.80,0.8434,13.00,0.0,0.0,0.0
WF-1-BJ73,494904.18,5403525.80,177.7912,0.135090,green,55.89,245.61,0.8777,13.00,0.0,0.0,0.0
WF-1-BJ74,494879.14,5403525.81,177.9333,0.135860,green,57.77,243.55,0.9106,13.00,0.0,0.0,0.0
WF-1-BJ75,494854.09,5403525.81,178.1427,0.136994,green,59.56,241.73,0.9402,13.00,0.0,0.0,0.0
WF-1-BJ76,494829.05,5403525.82,178.3741,0.138248,green,61.07,240.30,0.9642,13.00,0.0,0.0,0.0
WF-1-BJ77,494804.00,5403525.82,178.5559,0.139233,green,62.07,239.39,0.9799,13.00,0.0,0.0,0.0
WF-1-BJ78,494778.96,5403525.83,178.6372,0.139673,green,62.52,238.99,0.9868,13.00,0.0,0.0,0.0
WF-1-BJ79,494753.91,5403525.83,178.5809,0.139368,green,62.37,239.07,0.9846,13.00,0.0,0.0,0.0
WF-1-BJ80,494728.87,5403525.84,178.3637,0.138191,green,61.64,239.57,0.9735,13.00,0.0,0.0,0.0
WF-1-BJ81,494703.82,5403525.84,177.9759,0.136090,green,60.40,240.39,0.9546,13.00,0.0,0.0,0.0
WF-1-BJ82,494678.78,5403525.85,177.4205,0.133082,green,58.73,241.42,0.9289,13.00,0.0,0.0,0.0
WF-1-BJ83,494653.73,5403525.85,176.6996,0.129175,green,56.73,242.54,0.8978,13.00,0.0,0.0,0.0
WF-1-BJ84,494628.69,5403525.86,175.8373,0.124504,green,54.56,243.63,0.8630,13.00,0.0,0.0,0.0
WF-1-BJ85,494603.65,5403525.86,174.8731,0.119280,green,52.33,244.60,0.8266,13.00,0.0,0.0,0.0
WF-1-BJ86,494578.60,5403525.87,173.8286,0.113621,green,50.10,245.40,0.7894,13.00,0.0,0.0,0.0
WF-1-BJ87,494553.56,5403525.87,172.7246,0.107640,green,47.95,246.02,0.7524,13.00,0.0,0.0,0.0
WF-1-BJ88,494528.51,5403525.88,171.5819,0.101449,green,45.90,246.43,0.7163,13.00,0.0,0.0,0.0
WF-1-BJ89,494503.47,5403525.88,170.4214,0.095161,green,44.00,246.63,0.6819,13.00,0.0,0.0,0.0
WF-1-BJ90,494478.42,5403525.89,169.2683,0.088914,green,42.28,246.61,0.6500,13.00,0.0,0.0,0.0
WF-1-BJ91,494453.38,5403525.89,168.1551,0.082883,green,40.76,246.42,0.6213,13.00,0.0,0.0,0.0
WF-1-BJ92,494428.33,5403525.90,167.1074,0.077206,green,39.44,246.10,0.5959,13.00,0.0,0.0,0.0
WF-1-BJ93,494403.29,5403525.90,166.1522,0.072031,green,38.33,245.71,0.5741,13.00,0.0,0.0,0.0
WF-1-BJ94,494378.24,5403525.91,165.3168,0.067505,green,37.41,245.28,0.5562,13.00,0.0,0.0,0.0
WF-1-BJ95,494353.20,5403525.91,164.6271,0.063768,green,36.71,244.88,0.5421,13.00,0.0,0.0,0.0
WF-1-BJ96,494328.15,5403525.92,164.1055,0.060942,green,36.19,244.54,0.5319,13.00,0.0,0.0,0.0
WF-1-BJ97,494303.11,5403525.92,163.7918,0.059243,green,35.89,244.34,0.5257,13.00,0.0,0.0,0.0
WF-1-BJ98,494278.07,5403525.93,163.6817,0.058646,green,35.76,244.29,0.5228,13.00,0.0,0.0,0.0
WF-1-BJ99,494253.02,5403525.93,163.7446,0.058987,green,35.76,244.41,0.5222,13.00,0.0,0.0,0.0
WF-1-BJ100,494227.98,5403525.94,163.9548,0.060126,green,35.87,244.66,0.5234,13.00,0.0,0.0,0.0
WF-1-BJ101,494202.93,5403525.94,164.2789,0.061882,green,36.06,245.03,0.5258,13.00,0.0,0.0,0.0
WF-1-BJ102,494177.89,5403525.95,164.6793,0.064051,green,36.30,245.48,0.5287,13.00,0.0,0.0,0.0
WF-1-BJ103,494152.84,5403525.95,165.1175,0.066425,green,36.56,245.97,0.5317,13.00,0.0,0.0,0.0
WF-1-BJ104,494127.80,5403525.96,165.5535,0.068787,green,36.84,246.44,0.5344,13.00,0.0,0.0,0.0
WF-1-BJ105,494102.75,5403525.96,165.9536,0.070955,green,37.10,246.86,0.5365,13.00,0.0,0.0,0.0
WF-1-BJ106,494077.71,5403525.97,166.3030,0.072848,green,37.35,247.20,0.5380,13.00,0.0,0.0,0.0
WF-1-BJ107,494052.66,5403525.97,166.5935,0.074422,green,37.58,247.46,0.5390,13.00,0.0,0.0,0.0
WF-1-BJ108,494027.62,5403525.98,166.8219,0.075660,green,37.78,247.63,0.5395,13.00,0.0,0.0,0.0
WF-1-BJ109,494002.58,5403525.98,166.9899,0.076569,green,37.97,247.72,0.5394,13.00,0.0,0.0,0.0
WF-1-BJ110,493977.53,5403525.99,167.1023,0.077178,green,38.13,247.72,0.5390,13.00,0.0,0.0,0.0
WF-1-BJ111,493952.49,5403525.99,167.1616,0.077500,green,38.27,247.66,0.5383,13.00,0.0,0.0,0.0
WF-1-BJ112,493927.44,5403526.00,167.1852,0.077628,green,38.40,247.55,0.5375,13.00,0.0,0.0,0.0
WF-1-BJ113,493902.40,5403526.00,167.1854,0.077629,green,38.50,247.42,0.5366,13.00,0.0,0.0,0.0
WF-1-BJ114,493877.35,5403526.01,167.1714,0.077553,green,38.59,247.29,0.5357,13.00,0.0,0.0,0.0
WF-1-BJ115,493852.31,5403526.01,167.1517,0.077446,green,38.67,247.16,0.5349,13.00,0.0,0.0,0.0
WF-1-BJ116,493827.26,5403551.55,167.5071,0.079372,green,38.67,247.81,0.5370,13.00,0.0,0.0,0.0
WF-1-BJ117,493827.26,5403577.08,167.8887,0.081439,green,38.62,248.58,0.5392,13.00,0.0,0.0,0.0
WF-1-BJ118,493827.26,5403602.61,168.2754,0.083534,green,38.59,249.34,0.5409,13.00,0.0,0.0,0.0
WF-1-BJ119,493827.26,5403628.15,168.6641,0.085640,green,38.56,250.10,0.5422,13.00,0.0,0.0,0.0
WF-1-BJ120,493827.26,5403653.68,169.0510,0.087736,green,38.54,250.84,0.5430,13.00,0.0,0.0,0.0
WF-1-BJ121,493827.26,5403679.21,169.4316,0.089799,green,38.52,251.57,0.5435,13.00,0.0,0.0,0.0
WF-1-BJ122,493827.26,5403704.74,169.8013,0.091801,green,38.50,252.28,0.5435,13.00,0.0,0.0,0.0
WF-1-ZX1,493929.39,5403628.13,322.2079,0.917521,red,38.36,250.74,0.5422,13.00,0.0,204.3,0.0
WF-1-ZX2,493954.39,5403628.13,322.2375,0.917682,red,38.30,250.87,0.5422,13.00,0.0,204.3,0.0
WF-1-ZX3,493979.39,5403628.12,322.2483,0.917740,red,38.24,250.96,0.5423,13.00,0.0,204.3,0.0
WF-1-ZX4,494004.39,5403628.12,322.2303,0.917642,red,38.18,251.01,0.5423,13.00,0.0,204.3,0.0
WF-1-ZX5,494029.39,5403628.11,322.1810,0.917375,red,38.11,251.00,0.5424,13.00,0.0,204.3,0.0
WF-1-ZX6,494054.39,5403628.11,322.0986,0.916929,red,38.04,250.93,0.5426,13.00,0.0,204.3,0.0
WF-1-ZX7,494079.39,5403628.11,321.9822,0.916299,red,37.97,250.81,0.5429,13.00,0.0,204.3,0.0
WF-1-ZX8,494104.39,5403628.10,321.8335,0.915493,red,37.90,250.61,0.5433,13.00,0.0,204.3,0.0
WF-1-ZX9,494129.39,5403628.10,321.6573,0.914538,red,37.83,250.37,0.5439,13.00,0.0,204.3,0.0
WF-1-ZX10,494154.39,5403628.09,321.4617,0.913479,red,37.77,250.07,0.5447,13.00,0.0,204.3,0.0
WF-1-ZX11,494179.39,5403628.09,321.2638,0.912407,red,37.74,249.75,0.5459,13.00,0.0,204.3,0.0
WF-1-ZX12,494204.39,5403628.09,321.0875,0.911451,red,37.73,249.43,0.5476,13.00,0.0,204.3,0.0
WF-1-ZX13,494229.39,5403628.08,320.9537,0.910726,red,37.76,249.14,0.5501,13.00,0.0,204.3,0.0
WF-1-ZX14,494254.39,5403628.08,320.8826,0.910341,red,37.85,248.90,0.5535,13.00,0.0,204.3,0.0
WF-1-ZX15,494279.39,5403628.07,320.8920,0.910392,red,38.01,248.72,0.5581,13.00,0.0,204.3,0.0
WF-1-ZX16,494304.39,5403628.07,320.9959,0.910955,red,38.26,248.60,0.5641,13.00,0.0,204.3,0.0
WF-1-ZX17,494329.39,5403628.07,321.2064,0.912096,red,38.61,248.56,0.5721,13.00,0.0,204.3,0.0
WF-1-ZX18,494354.39,5403628.06,321.5443,0.913926,red,39.10,248.58,0.5826,13.00,0.0,204.3,0.0
WF-1-ZX19,494379.39,5403628.06,321.9866,0.916322,red,39.73,248.63,0.5955,13.00,0.0,204.3,0.0
WF-1-ZX20,494404.39,5403628.06,322.5264,0.919247,red,40.50,248.68,0.6110,13.00,0.0,204.3,0.0
WF-1-ZX21,494429.39,5403628.05,323.1548,0.922651,red,41.43,248.70,0.6292,13.00,0.0,204.3,0.0
WF-1-ZX22,494454.39,5403628.05,323.8605,0.926475,red,42.52,248.66,0.6501,13.00,0.0,204.3,0.0
WF-1-ZX23,494479.39,5403628.04,324.6306,0.930647,red,43.77,248.54,0.6737,13.00,0.0,204.3,0.0
WF-1-ZX24,494504.39,5403628.04,325.4520,0.935097,red,45.20,248.30,0.7000,13.00,0.0,204.3,0.0
WF-1-ZX25,494529.39,5403628.04,326.3050,0.939719,red,46.81,247.90,0.7287,13.00,0.0,204.3,0.0
WF-1-ZX26,494554.39,5403628.03,327.1632,0.944368,red,48.54,247.34,0.7591,13.00,0.0,204.3,0.0
WF-1-ZX27,494579.39,5403628.03,328.0060,0.948935,red,50.38,246.64,0.7905,13.00,0.0,204.3,0.0
WF-1-ZX28,494604.39,5403628.02,328.8124,0.953304,red,52.28,245.78,0.8224,13.00,0.0,204.3,0.0
WF-1-ZX29,494629.39,5403628.02,329.5608,0.957358,red,54.19,244.82,0.8538,13.00,0.0,204.3,0.0
WF-1-ZX30,494654.39,5403628.02,330.2298,0.960983,red,56.04,243.77,0.8838,13.00,0.0,204.3,0.0
WF-1-ZX31,494679.39,5403628.01,330.7894,0.964015,red,57.74,242.72,0.9108,13.00,0.0,204.3,0.0
WF-1-ZX32,494704.39,5403628.01,331.2154,0.966323,red,59.14,241.78,0.9329,13.00,0.0,204.3,0.0
WF-1-ZX33,494729.39,5403628.00,331.5163,0.967953,red,60.17,241.06,0.9491,13.00,0.0,204.3,0.0
WF-1-ZX34,494754.39,5403628.00,331.6983,0.968939,red,60.77,240.66,0.9583,13.00,0.0,204.3,0.0
WF-1-ZX35,494779.39,5403628.00,331.7787,0.969375,red,60.87,240.68,0.9596,13.00,0.0,204.3,0.0
WF-1-ZX36,494804.39,5403627.99,331.7857,0.969412,red,60.48,241.18,0.9527,13.00,0.0,204.3,0.0
WF-1-ZX37,494829.39,5403627.99,331.7566,0.969255,red,59.62,242.19,0.9377,13.00,0.0,204.3,0.0
WF-1-ZX38,494854.39,5403627.98,331.7444,0.969189,red,58.33,243.76,0.9145,13.00,0.0,204.3,0.0
WF-1-ZX39,494879.39,5403627.98,331.8099,0.969544,red,56.79,245.78,0.8853,13.00,0.0,204.3,0.0
WF-1-ZX40,494904.39,5403627.98,331.9879,0.970508,red,55.19,248.10,0.8522,13.00,0.0,204.3,0.0
WF-1-ZX41,494929.39,5403627.97,332.3050,0.972226,red,53.65,250.60,0.8167,13.00,0.0,204.3,0.0
WF-1-ZX42,494954.39,5403627.97,332.7779,0.974789,red,52.28,253.17,0.7801,13.00,0.0,204.3,0.0
WF-1-ZX43,494979.39,5403627.96,333.4141,0.978235,red,51.20,255.70,0.7438,13.00,0.0,204.3,0.0
WF-1-ZX44,495004.39,5403627.96,334.2116,0.982556,red,50.45,258.11,0.7085,13.00,0.0,204.3,0.0
WF-1-ZX45,495029.39,5403627.96,335.1773,0.987788,red,50.15,260.29,0.6753,13.00,0.0,204.3,0.0
WF-1-ZX46,495054.39,5403627.95,336.2662,0.993688,red,50.26,262.19,0.6447,13.00,0.0,204.3,0.0
WF-1-ZX47,495079.39,5403627.95,337.4313,1.000000,red,50.71,263.81,0.6169,13.00,0.0,204.3,0.0
