ID,X,Y,厚度Ti,弹模Ei,间距Hi,埋深Di,采高Mi,垮落角,面宽,煤柱宽
42-17,493819.99,5403253.54,39.54,25.0,241.38,0.5003,0.00,0.0,0.0,0.0
44-20,494139.87,5403910.06,38.11,25.0,260.46,0.5005,0.00,0.0,0.0,0.0
44-21,494281.28,5403430.68,34.54,25.0,242.68,0.5008,0.00,0.0,0.0,0.0
46-17,494772.09,5403559.76,63.30,25.0,238.38,0.9985,13.00,0.0,67.9,0.0
46-18,494932.54,5403086.53,27.84,25.0,249.53,0.7991,0.00,0.0,0.0,0.0
48-20,495395.96,5403245.75,31.65,25.0,256.57,0.5010,0.00,0.0,0.0,0.0
48-19,495234.32,5403718.35,58.84,25.0,268.67,0.5009,0.00,0.0,0.0,0.0
BK14-7,495198.22,5404068.78,5.44,25.0,316.35,0.6000,0.00,0.0,0.0,0.0
BND-1,493819.99,5403086.53,39.24,25.0,243.22,0.5183,0.00,0.0,0.0,0.0
BND-2,495395.96,5403086.53,33.21,25.0,256.63,0.5494,0.00,0.0,0.0,0.0
BND-3,495395.96,5404068.78,19.28,25.0,299.11,0.5958,0.00,0.0,0.0,0.0
BND-4,493819.99,5404068.78,38.38,25.0,257.15,0.5459,0.00,0.0,0.0,0.0
WF-1-LOC1,493827.26,5403730.28,38.49,25.0,252.95,0.5433,13.00,0.0,0.0,0.0
WF-1-LOC2,495204.72,5403730.06,58.32,25.0,268.78,0.5041,13.00,0.0,0.0,0.0
WF-1-LOC3,495204.72,5403525.74,47.61,25.0,263.67,0.5866,13.00,0.0,0.0,0.0
WF-1-LOC4,493827.26,5403526.02,38.73,25.0,247.05,0.5343,13.00,0.0,0.0,0.0
WF-1-BJ1,493852.31,5403730.27,38.47,25.0,253.23,0.5422,13.00,0.0,0.0,0.0
WF-1-BJ2,493877.35,5403730.27,38.44,25.0,253.52,0.5411,13.00,0.0,0.0,0.0
WF-1-BJ3,493902.40,5403730.26,38.42,25.0,253.82,0.5399,13.00,0.0,0.0,0.0
WF-1-BJ4,493927.44,5403730.26,38.39,25.0,254.14,0.5386,13.00,0.0,0.0,0.0
WF-1-BJ5,493952.49,5403730.26,38.37,25.0,254.45,0.5372,13.00,0.0,0.0,0.0
WF-1-BJ6,493977.53,5403730.25,38.35,25.0,254.76,0.5359,13.00,0.0,0.0,0.0
WF-1-BJ7,494002.58,5403730.25,38.33,25.0,255.04,0.5347,13.00,0.0,0.0,0.0
WF-1-BJ8,494027.62,5403730.24,38.31,25.0,255.29,0.5336,13.00,0.0,0.0,0.0
WF-1-BJ9,494052.66,5403730.24,38.31,25.0,255.50,0.5328,13.00,0.0,0.0,0.0
WF-1-BJ10,494077.71,5403730.24,38.30,25.0,255.64,0.5324,13.00,0.0,0.0,0.0
WF-1-BJ11,494102.75,5403730.23,38.31,25.0,255.71,0.5326,13.00,0.0,0.0,0.0
WF-1-BJ12,494127.80,5403730.23,38.33,25.0,255.69,0.5334,13.00,0.0,0.0,0.0
WF-1-BJ13,494152.84,5403730.22,38.36,25.0,255.58,0.5351,13.00,0.0,0.0,0.0
WF-1-BJ14,494177.89,5403730.22,38.41,25.0,255.36,0.5379,13.00,0.0,0.0,0.0
WF-1-BJ15,494202.93,5403730.22,38.49,25.0,255.06,0.5417,13.00,0.0,0.0,0.0
WF-1-BJ16,494227.98,5403730.21,38.60,25.0,254.71,0.5465,13.00,0.0,0.0,0.0
WF-1-BJ17,494253.02,5403730.21,38.75,25.0,254.32,0.5525,13.00,0.0,0.0,0.0
WF-1-BJ18,494278.07,5403730.20,38.94,25.0,253.92,0.5595,13.00,0.0,0.0,0.0
WF-1-BJ19,494303.11,5403730.20,39.20,25.0,253.53,0.5677,13.00,0.0,0.0,0.0
WF-1-BJ20,494328.15,5403730.20,39.52,25.0,253.17,0.5772,13.00,0.0,0.0,0.0
WF-1-BJ21,494353.20,5403730.19,39.93,25.0,252.85,0.5882,13.00,0.0,0.0,0.0
WF-1-BJ22,494378.24,5403730.19,40.43,25.0,252.56,0.6005,13.00,0.0,0.0,0.0
WF-1-BJ23,494403.29,5403730.19,41.01,25.0,252.30,0.6143,13.00,0.0,0.0,0.0
WF-1-BJ24,494428.33,5403730.18,41.69,25.0,252.06,0.6294,13.00,0.0,0.0,0.0
WF-1-BJ25,494453.38,5403730.18,42.46,25.0,251.82,0.6459,13.00,0.0,0.0,0.0
WF-1-BJ26,494478.42,5403730.17,43.32,25.0,251.57,0.6638,13.00,0.0,0.0,0.0
WF-1-BJ27,494503.47,5403730.17,44.28,25.0,251.30,0.6829,13.00,0.0,0.0,0.0
WF-1-BJ28,494528.51,5403730.17,45.32,25.0,250.99,0.7029,13.00,0.0,0.0,0.0
WF-1-BJ29,494553.56,5403730.16,46.42,25.0,250.65,0.7233,13.00,0.0,0.0,0.0
WF-1-BJ30,494578.60,5403730.16,47.54,25.0,250.26,0.7438,13.00,0.0,0.0,0.0
WF-1-BJ31,494603.65,5403730.15,48.67,25.0,249.85,0.7638,13.00,0.0,0.0,0.0
WF-1-BJ32,494628.69,5403730.15,49.77,25.0,249.42,0.7828,13.00,0.0,0.0,0.0
WF-1-BJ33,494653.73,5403730.15,50.79,25.0,249.02,0.8003,13.00,0.0,0.0,0.0
WF-1-BJ34,494678.78,5403730.14,51.69,25.0,248.68,0.8151,13.00,0.0,0.0,0.0
WF-1-BJ35,494703.82,5403730.14,52.40,25.0,248.46,0.8266,13.00,0.0,0.0,0.0
WF-1-BJ36,494728.87,5403730.13,52.89,25.0,248.42,0.8343,13.00,0.0,0.0,0.0
WF-1-BJ37,494753.91,5403730.13,53.15,25.0,248.61,0.8378,13.00,0.0,0.0,0.0
WF-1-BJ38,494778.96,5403730.13,53.15,25.0,249.06,0.8367,13.00,0.0,0.0,0.0
WF-1-BJ39,494804.00,5403730.12,52.89,25.0,249.82,0.8308,13.00,0.0,0.0,0.0
WF-1-BJ40,494829.05,5403730.12,52.39,25.0,250.91,0.8202,13.00,0.0,0.0,0.0
WF-1-BJ41,494854.09,5403730.11,51.68,25.0,252.35,0.8047,13.00,0.0,0.0,0.0
WF-1-BJ42,494879.14,5403730.11,50.85,25.0,254.09,0.7852,13.00,0.0,0.0,0.0
WF-1-BJ43,494904.18,5403730.11,50.00,25.0,256.02,0.7628,13.00,0.0,0.0,0.0
WF-1-BJ44,494929.22,5403730.10,49.21,25.0,258.09,0.7381,13.00,0.0,0.0,0.0
WF-1-BJ45,494954.27,5403730.10,48.58,25.0,260.19,0.7120,13.00,0.0,0.0,0.0
WF-1-BJ46,494979.31,5403730.09,48.19,25.0,262.24,0.6852,13.00,0.0,0.0,0.0
WF-1-BJ47,495004.36,5403730.09,48.11,25.0,264.15,0.6583,13.00,0.0,0.0,0.0
WF-1-BJ48,495029.40,5403730.09,48.46,25.0,265.79,0.6318,13.00,0.0,0.0,0.0
WF-1-BJ49,495054.45,5403730.08,49.26,25.0,267.11,0.6064,13.00,0.0,0.0,0.0
WF-1-BJ50,495079.49,5403730.08,50.45,25.0,268.08,0.5825,13.00,0.0,0.0,0.0
WF-1-BJ51,495104.54,5403730.07,51.98,25.0,268.71,0.5604,13.00,0.0,0.0,0.0
WF-1-BJ52,495129.58,5403730.07,53.74,25.0,269.02,0.5408,13.00,0.0,0.0,0.0
WF-1-BJ53,495154.63,5403730.07,55.54,25.0,269.07,0.5243,13.00,0.0,0.0,0.0
WF-1-BJ54,495179.67,5403730.06,57.19,25.0,268.95,0.5117,13.00,0.0,0.0,0.0
WF-1-BJ55,495204.72,5403704.52,58.32,25.0,268.71,0.5045,13.00,0.0,0.0,0.0
WF-1-BJ56,495204.72,5403678.98,57.61,25.0,268.62,0.5099,13.00,0.0,0.0,0.0
WF-1-BJ57,495204.72,5403653.44,56.38,25.0,268.35,0.5196,13.00,0.0,0.0,0.0
WF-1-BJ58,495204.72,5403627.90,54.82,25.0,267.82,0.5323,13.00,0.0,0.0,0.0
WF-1-BJ59,495204.72,5403602.36,53.07,25.0,267.03,0.5467,13.00,0.0,0.0,0.0
WF-1-BJ60,495204.72,5403576.82,51.24,25.0,266.02,0.5614,13.00,0.0,0.0,0.0
WF-1-BJ61,495204.72,5403551.28,49.41,25.0,264.88,0.5750,13.00,0.0,0.0,0.0
WF-1-BJ62,495179.67,5403525.75,47.69,25.0,263.18,0.5965,13.00,0.0,0.0,0.0
WF-1-BJ63,495154.63,5403525.75,47.68,25.0,262.50,0.6093,13.00,0.0,0.0,0.0
WF-1-BJ64,495129.58,5403525.76,47.68,25.0,261.63,0.6248,13.00,0.0,0.0,0.0
WF-1-BJ65,495104.54,5403525.76,47.74,25.0,260.56,0.6431,13.00,0.0,0.0,0.0
WF-1-BJ66,495079.49,5403525.77,47.92,25.0,259.29,0.6641,13.00,0.0,0.0,0.0
WF-1-BJ67,495054.45,5403525.77,48.28,25.0,257.81,0.6880,13.00,0.0,0.0,0.0
WF-1-BJ68,495029.40,5403525.78,48.86,25.0,256.13,0.7145,13.00,0.0,0.0,0.0
WF-1-BJ69,495004.36,5403525.78,49.72,25.0,254.25,0.7437,13.00,0.0,0.0,0.0
WF-1-BJ70,494979.31,5403525.79,50.91,25.0,252.19,0.7754,13.00,0.0,0.0,0.0
WF-1-BJ71,494954.27,5403525.79,52.37,25.0,250.02,0.8089,13.00,0.0,0.0,0.0
WF-1-BJ72,494929.22,5403525.80,54.06,25.0,247.80,0.8434,13.00,0.0,0.0,0.0
WF-1-BJ73,494904.18,5403525.80,55.89,25.0,245.61,0.8777,13.00,0.0,0.0,0.0
WF-1-BJ74,494879.14,5403525.81,57.77,25.0,243.55,0.9106,13.00,0.0,0.0,0.0
WF-1-BJ75,494854.09,5403525.81,59.56,25.0,241.73,0.9402,13.00,0.0,0.0,0.0
WF-1-BJ76,494829.05,5403525.82,61.07,25.0,240.30,0.9642,13.00,0.0,0.0,0.0
WF-1-BJ77,494804.00,5403525.82,62.07,25.0,239.39,0.9799,13.00,0.0,0.0,0.0
WF-1-BJ78,494778.96,5403525.83,62.52,25.0,238.99,0.9868,13.00,0.0,0.0,0.0
WF-1-BJ79,494753.91,5403525.83,62.37,25.0,239.07,0.9846,13.00,0.0,0.0,0.0
WF-1-BJ80,494728.87,5403525.84,61.64,25.0,239.57,0.9735,13.00,0.0,0.0,0.0
WF-1-BJ81,494703.82,5403525.84,60.40,25.0,240.39,0.9546,13.00,0.0,0.0,0.0
WF-1-BJ82,494678.78,5403525.85,58.73,25.0,241.42,0.9289,13.00,0.0,0.0,0.0
WF-1-BJ83,494653.73,5403525.85,56.73,25.0,242.54,0.8978,13.00,0.0,0.0,0.0
WF-1-BJ84,494628.69,5403525.86,54.56,25.0,243.63,0.8630,13.00,0.0,0.0,0.0
WF-1-BJ85,494603.65,5403525.86,52.33,25.0,244.60,0.8266,13.00,0.0,0.0,0.0
WF-1-BJ86,494578.60,5403525.87,50.10,25.0,245.40,0.7894,13.00,0.0,0.0,0.0
WF-1-BJ87,494553.56,5403525.87,47.95,25.0,246.02,0.7524,13.00,0.0,0.0,0.0
WF-1-BJ88,494528.51,5403525.88,45.90,25.0,246.43,0.7163,13.00,0.0,0.0,0.0
WF-1-BJ89,494503.47,5403525.88,44.00,25.0,246.63,0.6819,13.00,0.0,0.0,0.0
WF-1-BJ90,494478.42,5403525.89,42.28,25.0,246.61,0.6500,13.00,0.0,0.0,0.0
WF-1-BJ91,494453.38,5403525.89,40.76,25.0,246.42,0.6213,13.00,0.0,0.0,0.0
WF-1-BJ92,494428.33,5403525.90,39.44,25.0,246.10,0.5959,13.00,0.0,0.0,0.0
WF-1-BJ93,494403.29,5403525.90,38.33,25.0,245.71,0.5741,13.00,0.0,0.0,0.0
WF-1-BJ94,494378.24,5403525.91,37.41,25.0,245.28,0.5562,13.00,0.0,0.0,0.0
WF-1-BJ95,494353.20,5403525.91,36.71,25.0,244.88,0.5421,13.00,0.0,0.0,0.0
WF-1-BJ96,494328.15,5403525.92,36.19,25.0,244.54,0.5319,13.00,0.0,0.0,0.0
WF-1-BJ97,494303.11,5403525.92,35.89,25.0,244.34,0.5257,13.00,0.0,0.0,0.0
WF-1-BJ98,494278.07,5403525.93,35.76,25.0,244.29,0.5228,13.00,0.0,0.0,0.0
WF-1-BJ99,494253.02,5403525.93,35.76,25.0,244.41,0.5222,13.00,0.0,0.0,0.0
WF-1-BJ100,494227.98,5403525.94,35.87,25.0,244.66,0.5234,13.00,0.0,0.0,0.0
WF-1-BJ101,494202.93,5403525.94,36.06,25.0,245.03,0.5258,13.00,0.0,0.0,0.0
WF-1-BJ102,494177.89,5403525.95,36.30,25.0,245.48,0.5287,13.00,0.0,0.0,0.0
WF-1-BJ103,494152.84,5403525.95,36.56,25.0,245.97,0.5317,13.00,0.0,0.0,0.0
WF-1-BJ104,494127.80,5403525.96,36.84,25.0,246.44,0.5344,13.00,0.0,0.0,0.0
WF-1-BJ105,494102.75,5403525.96,37.10,25.0,246.86,0.5365,13.00,0.0,0.0,0.0
WF-1-BJ106,494077.71,5403525.97,37.35,25.0,247.20,0.5380,13.00,0.0,0.0,0.0
WF-1-BJ107,494052.66,5403525.97,37.58,25.0,247.46,0.5390,13.00,0.0,0.0,0.0
WF-1-BJ108,494027.62,5403525.98,37.78,25.0,247.63,0.5395,13.00,0.0,0.0,0.0
WF-1-BJ109,494002.58,5403525.98,37.97,25.0,247.72,0.5394,13.00,0.0,0.0,0.0
WF-1-BJ110,493977.53,5403525.99,38.13,25.0,247.72,0.5390,13.00,0.0,0.0,0.0
WF-1-BJ111,493952.49,5403525.99,38.27,25.0,247.66,0.5383,13.00,0.0,0.0,0.0
WF-1-BJ112,493927.44,5403526.00,38.40,25.0,247.55,0.5375,13.00,0.0,0.0,0.0
WF-1-BJ113,493902.40,5403526.00,38.50,25.0,247.42,0.5366,13.00,0.0,0.0,0.0
WF-1-BJ114,493877.35,5403526.01,38.59,25.0,247.29,0.5357,13.00,0.0,0.0,0.0
WF-1-BJ115,493852.31,5403526.01,38.67,25.0,247.16,0.5349,13.00,0.0,0.0,0.0
WF-1-BJ116,493827.26,5403551.55,38.67,25.0,247.81,0.5370,13.00,0.0,0.0,0.0
WF-1-BJ117,493827.26,5403577.08,38.62,25.0,248.58,0.5392,13.00,0.0,0.0,0.0
WF-1-BJ118,493827.26,5403602.61,38.59,25.0,249.34,0.5409,13.00,0.0,0.0,0.0
WF-1-BJ119,493827.26,5403628.15,38.56,25.0,250.10,0.5422,13.00,0.0,0.0,0.0
WF-1-BJ120,493827.26,5403653.68,38.54,25.0,250.84,0.5430,13.00,0.0,0.0,0.0
WF-1-BJ121,493827.26,5403679.21,38.52,25.0,251.57,0.5435,13.00,0.0,0.0,0.0
WF-1-BJ122,493827.26,5403704.74,38.50,25.0,252.28,0.5435,13.00,0.0,0.0,0.0
WF-1-ZX1,493929.39,5403628.13,38.36,25.0,250.74,0.5422,13.00,0.0,204.3,0.0
WF-1-ZX2,493954.39,5403628.13,38.30,25.0,250.87,0.5422,13.00,0.0,204.3,0.0
WF-1-ZX3,493979.39,5403628.12,38.24,25.0,250.96,0.5423,13.00,0.0,204.3,0.0
WF-1-ZX4,494004.39,5403628.12,38.18,25.0,251.01,0.5423,13.00,0.0,204.3,0.0
WF-1-ZX5,494029.39,5403628.11,38.11,25.0,251.00,0.5424,13.00,0.0,204.3,0.0
WF-1-ZX6,494054.39,5403628.11,38.04,25.0,250.93,0.5426,13.00,0.0,204.3,0.0
WF-1-ZX7,494079.39,5403628.11,37.97,25.0,250.81,0.5429,13.00,0.0,204.3,0.0
WF-1-ZX8,494104.39,5403628.10,37.90,25.0,250.61,0.5433,13.00,0.0,204.3,0.0
WF-1-ZX9,494129.39,5403628.10,37.83,25.0,250.37,0.5439,13.00,0.0,204.3,0.0
WF-1-ZX10,494154.39,5403628.09,37.77,25.0,250.07,0.5447,13.00,0.0,204.3,0.0
WF-1-ZX11,494179.39,5403628.09,37.74,25.0,249.75,0.5459,13.00,0.0,204.3,0.0
WF-1-ZX12,494204.39,5403628.09,37.73,25.0,249.43,0.5476,13.00,0.0,204.3,0.0
WF-1-ZX13,494229.39,5403628.08,37.76,25.0,249.14,0.5501,13.00,0.0,204.3,0.0
WF-1-ZX14,494254.39,5403628.08,37.85,25.0,248.90,0.5535,13.00,0.0,204.3,0.0
WF-1-ZX15,494279.39,5403628.07,38.01,25.0,248.72,0.5581,13.00,0.0,204.3,0.0
WF-1-ZX16,494304.39,5403628.07,38.26,25.0,248.60,0.5641,13.00,0.0,204.3,0.0
WF-1-ZX17,494329.39,5403628.07,38.61,25.0,248.56,0.5721,13.00,0.0,204.3,0.0
WF-1-ZX18,494354.39,5403628.06,39.10,25.0,248.58,0.5826,13.00,0.0,204.3,0.0
WF-1-ZX19,494379.39,5403628.06,39.73,25.0,248.63,0.5955,13.00,0.0,204.3,0.0
WF-1-ZX20,494404.39,5403628.06,40.50,25.0,248.68,0.6110,13.00,0.0,204.3,0.0
WF-1-ZX21,494429.39,5403628.05,41.43,25.0,248.70,0.6292,13.00,0.0,204.3,0.0
WF-1-ZX22,494454.39,5403628.05,42.52,25.0,248.66,0.6501,13.00,0.0,204.3,0.0
WF-1-ZX23,494479.39,5403628.04,43.77,25.0,248.54,0.6737,13.00,0.0,204.3,0.0
WF-1-ZX24,494504.39,5403628.04,45.20,25.0,248.30,0.7000,13.00,0.0,204.3,0.0
WF-1-ZX25,494529.39,5403628.04,46.81,25.0,247.90,0.7287,13.00,0.0,204.3,0.0
WF-1-ZX26,494554.39,5403628.03,48.54,25.0,247.34,0.7591,13.00,0.0,204.3,0.0
WF-1-ZX27,494579.39,5403628.03,50.38,25.0,246.64,0.7905,13.00,0.0,204.3,0.0
WF-1-ZX28,494604.39,5403628.02,52.28,25.0,245.78,0.8224,13.00,0.0,204.3,0.0
WF-1-ZX29,494629.39,5403628.02,54.19,25.0,244.82,0.8538,13.00,0.0,204.3,0.0
WF-1-ZX30,494654.39,5403628.02,56.04,25.0,243.77,0.8838,13.00,0.0,204.3,0.0
WF-1-ZX31,494679.39,5403628.01,57.74,25.0,242.72,0.9108,13.00,0.0,204.3,0.0
WF-1-ZX32,494704.39,5403628.01,59.14,25.0,241.78,0.9329,13.00,0.0,204.3,0.0
WF-1-ZX33,494729.39,5403628.00,60.17,25.0,241.06,0.9491,13.00,0.0,204.3,0.0
WF-1-ZX34,494754.39,5403628.00,60.77,25.0,240.66,0.9583,13.00,0.0,204.3,0.0
WF-1-ZX35,494779.39,5403628.00,60.87,25.0,240.68,0.9596,13.00,0.0,204.3,0.0
WF-1-ZX36,494804.39,5403627.99,60.48,25.0,241.18,0.9527,13.00,0.0,204.3,0.0
WF-1-ZX37,494829.39,5403627.99,59.62,25.0,242.19,0.9377,13.00,0.0,204.3,0.0
WF-1-ZX38,494854.39,5403627.98,58.33,25.0,243.76,0.9145,13.00,0.0,204.3,0.0
WF-1-ZX39,494879.39,5403627.98,56.79,25.0,245.78,0.8853,13.00,0.0,204.3,0.0
WF-1-ZX40,494904.39,5403627.98,55.19,25.0,248.10,0.8522,13.00,0.0,204.3,0.0
WF-1-ZX41,494929.39,5403627.97,53.65,25.0,250.60,0.8167,13.00,0.0,204.3,0.0
WF-1-ZX42,494954.39,5403627.97,52.28,25.0,253.17,0.7801,13.00,0.0,204.3,0.0
WF-1-ZX43,494979.39,5403627.96,51.20,25.0,255.70,0.7438,13.00,0.0,204.3,0.0
WF-1-ZX44,495004.39,5403627.96,50.45,25.0,258.11,0.7085,13.00,0.0,204.3,0.0
WF-1-ZX45,495029.39,5403627.96,50.15,25.0,260.29,0.6753,13.00,0.0,204.3,0.0
WF-1-ZX46,495054.39,5403627.95,50.26,25.0,262.19,0.6447,13.00,0.0,204.3,0.0
WF-1-ZX47,495079.39,5403627.95,50.71,25.0,263.81,0.6169,13.00,0.0,204.3,0.0
