query,doi,title,authors_first8,container,year,type,publisher,url,score
采区 规划 工作面 布置 煤矿,10.33142/ucp.v1i1.12918,煤矿采矿工程中的采矿工艺与技术分析,麻项庭,城市建设与规划,2024,journal-article,Viser Technology Pte Ltd,https://doi.org/10.33142/ucp.v1i1.12918,69.20668
采区 规划 工作面 布置 煤矿,10.33142/ucp.v1i1.12919,探析煤矿采矿工程关键技术与安全管理工作要点,张伟,城市建设与规划,2024,journal-article,Viser Technology Pte Ltd,https://doi.org/10.33142/ucp.v1i1.12919,67.496605
采区 规划 工作面 布置 煤矿,10.37155/2811-0609-0316-49,煤矿开采中的巷道布置以及采煤工艺探讨,崔　洲,工程施工新技术,2024,journal-article,Omniscient Pte Ltd,https://doi.org/10.37155/2811-0609-0316-49,66.181274
采区 规划 工作面 布置 煤矿,10.37155/2811-0609-0310-54,煤矿开采中的巷道布置以及采煤工艺探讨,王　浩,工程施工新技术,2024,journal-article,Omniscient Pte Ltd,https://doi.org/10.37155/2811-0609-0310-54,65.99939
采区 规划 工作面 布置 煤矿,10.26789/jnhb.v7i2.756,煤矿采掘工作面雾森喷雾装置研究与应用,超松顾,节能环保,2022,journal-article,Urban Development Scientific Publishing Pte Ltd,https://doi.org/10.26789/jnhb.v7i2.756,64.960625
采区 规划 工作面 布置 煤矿,10.37155/2717-5189-0609-27,煤矿综采工作面智能化开采,周鑫源,工程管理与技术探讨,2024,journal-article,Omniscient Pte Ltd,https://doi.org/10.37155/2717-5189-0609-27,61.362038
采区 规划 工作面 布置 煤矿,10.37155/2972-435x-0301-30,井工煤矿放顶煤工作面矿压规律与控制技术研究,崔格日乐吐,工程施工与管理,2025,journal-article,Omniscient Pte Ltd,https://doi.org/10.37155/2972-435x-0301-30,60.98448
采区 规划 工作面 布置 煤矿,10.37155/2717-5588-0506-3,井工煤矿采矿工程中的巷道布置与优化,马永家,建筑设计与研究,2024,journal-article,Omniscient Pte Ltd,https://doi.org/10.37155/2717-5588-0506-3,60.500664
采区 规划 工作面 布置 煤矿,10.33142/ec.v5i9.6804,综采工作面矿压显现规律探析,密夫顺,工程建设,2022,journal-article,Viser Technology Pte Ltd,https://doi.org/10.33142/ec.v5i9.6804,59.2008
采区 规划 工作面 布置 煤矿,10.37155/2717-5316-0420-21,煤矿回采工作面矿压及顶板管理分析,杨瑞亮,工程学研究与实用,2023,journal-article,Omniscient Pte Ltd,https://doi.org/10.37155/2717-5316-0420-21,59.162
采区 规划 工作面 布置 煤矿,10.37155/2811-0625-0315-35,提高煤矿综采工作面回采效率的技术措施,赵　勇,现代工程项目管理,2024,journal-article,Omniscient Pte Ltd,https://doi.org/10.37155/2811-0625-0315-35,59.01673
采区 规划 工作面 布置 煤矿,10.37155/2717-5316-0403-43,浅谈煤矿综采工作面智能化开采技术,贾文龙,工程学研究与实用,2023,journal-article,Omniscient Pte Ltd,https://doi.org/10.37155/2717-5316-0403-43,58.90719
采区 规划 工作面 布置 煤矿,10.37155/2717-5189-0616-21,煤矿采煤工作面囊袋封堵漏风技术探究,张银辉,工程管理与技术探讨,2024,journal-article,Omniscient Pte Ltd,https://doi.org/10.37155/2717-5189-0616-21,58.23555
采区 规划 工作面 布置 煤矿,10.36012/etr.v1i2.295,煤矿综采工作面顶板安全管理研究,焦春雷,工程技术研究,2019,journal-article,Encyclopaedic Publishing Pte Ltd,https://doi.org/10.36012/etr.v1i2.295,57.77042
采区 规划 工作面 布置 煤矿,10.37155/2811-0609-0303-29,煤矿综采工作面三机配套技术分析,李卓宜,工程施工新技术,2024,journal-article,Omniscient Pte Ltd,https://doi.org/10.37155/2811-0609-0303-29,57.537086
采区 规划 工作面 布置 煤矿,10.37155/2717-557x-0701-46,采矿工程中对拉回采工作面采煤工艺技术及安全管理研究分析,张　伟,城市建筑与发展,2026,journal-article,Omniscient Pte Ltd,https://doi.org/10.37155/2717-557x-0701-46,57.409058
采区 规划 工作面 布置 煤矿,10.37155/3041-0827-0103-33,煤矿采矿作业中采矿工艺技术研究,闫　宙,工程技术与质量管理,2025,journal-article,Omniscient Pte Ltd,https://doi.org/10.37155/3041-0827-0103-33,57.231125
采区 规划 工作面 布置 煤矿,10.36012/etr.v1i2.285,煤矿采掘工作面顶板管理的问题研究,姜彦光,工程技术研究,2019,journal-article,Encyclopaedic Publishing Pte Ltd,https://doi.org/10.36012/etr.v1i2.285,57.105167
采区 规划 工作面 布置 煤矿,10.37155/2717-557x-0606-7,煤矿用聚酯纤维柔性网在贺驼煤矿综采工作面的应用,超姜,城市建筑与发展,2025,journal-article,Omniscient Pte Ltd,https://doi.org/10.37155/2717-557x-0606-7,57.097347
采区 规划 工作面 布置 煤矿,10.37155/2972-4333-0307-13,煤矿综采工作面自动化技术研究,勇官,工程技术创新与发展,2025,journal-article,Omniscient Pte Ltd,https://doi.org/10.37155/2972-4333-0307-13,56.771523
采区规划 工作面布置 优化 煤矿,10.33142/ec.v2i9.687,注浆配比参数优化在煤矿采空区治理中的应用,王永健,工程建设,2019,journal-article,Viser Technology Pte Ltd,https://doi.org/10.33142/ec.v2i9.687,64.02418
采区规划 工作面布置 优化 煤矿,10.37155/2811-0625-0412-67,化工园区给排水管网布局与优化规划研究,蒋成笛,现代工程项目管理,2025,journal-article,Omniscient Pte Ltd,https://doi.org/10.37155/2811-0625-0412-67,63.502953
采区规划 工作面布置 优化 煤矿,10.33142/ec.v8i10.18246,工作面回采进入巷道保护煤柱优化分析,张伯南,工程建设,2025,journal-article,Viser Technology Pte Ltd,https://doi.org/10.33142/ec.v8i10.18246,63.085236
采区规划 工作面布置 优化 煤矿,10.69979/3060-8767.26.01.018,煤矿智能化采煤工作面设备协同控制与调度策略,,当代水电科技,2025,journal-article,Singapore Juzhi Journal Publishing PTE. Ltd.,https://doi.org/10.69979/3060-8767.26.01.018,62.193214
采区规划 工作面布置 优化 煤矿,10.64216/3080-1508.26.01.067,工业园区安全规划与应急资源优化配置研究,,工程技术论坛,2025,journal-article,"Hong Kong Anmai Publishing Co., Ltd.",https://doi.org/10.64216/3080-1508.26.01.067,62.14762
采区规划 工作面布置 优化 煤矿,10.37155/2717-5189-0416-68,煤矿综采工作面自动化技术的应用,杨瑞亮,工程管理与技术探讨,2022,journal-article,Omniscient Pte Ltd,https://doi.org/10.37155/2717-5189-0416-68,61.906357
采区规划 工作面布置 优化 煤矿,10.69979/3041-0673.25.07.038,综采放顶煤开采工艺在厚煤层煤矿的效率优化分析,,科技创新发展,2025,journal-article,Singapore Juzhi Journal Publishing PTE. Ltd.,https://doi.org/10.69979/3041-0673.25.07.038,61.892014
采区规划 工作面布置 优化 煤矿,10.37155/2811-0625-0205-6,煤矿综采工作面智能化技术及装备发展研究,马中骐,现代工程项目管理,2023,journal-article,Omniscient Pte Ltd,https://doi.org/10.37155/2811-0625-0205-6,60.0101
采区规划 工作面布置 优化 煤矿,10.37155/2717-5197-0405-1,煤矿综采工作面智能化技术与装备发展研究,秦和平,机械与电子控制工程,2022,journal-article,Omniscient Pte Ltd,https://doi.org/10.37155/2717-5197-0405-1,58.828426
覆岩 扰动 采区规划 煤矿,10.33142/9798957329244,矿区规划及矿山建设分析研究,郭金伟,,2025,edited-book,Viser Technology Pte. Ltd.,https://doi.org/10.33142/9798957329244,50.792866
覆岩 扰动 采区规划 煤矿,10.33142/ucp.v2i5.17939,煤矿开采掘进中支护技术研究与应用,韩建国,城市建设与规划,2025,journal-article,Viser Technology Pte Ltd,https://doi.org/10.33142/ucp.v2i5.17939,50.505775
覆岩 扰动 采区规划 煤矿,10.33142/ec.v3i7.2338,论煤矿采煤技术的发展与采煤自动化技术,王德超,工程建设,2020,journal-article,Viser Technology Pte Ltd,https://doi.org/10.33142/ec.v3i7.2338,49.454872
覆岩 扰动 采区规划 煤矿,10.37155/2717-5197-0714-40,煤矿采矿中的智能化采煤设备与自动化控制系统,申绍平,机械与电子控制工程,2025,journal-article,Omniscient Pte Ltd,https://doi.org/10.37155/2717-5197-0714-40,48.53639
覆岩 扰动 采区规划 煤矿,10.18356/e3bb29ad-zh,瓦斯抽采,,有效抽采及利用煤矿区煤层气 最佳实施方案指南,2010,book-chapter,UN,https://doi.org/10.18356/e3bb29ad-zh,48.335854
覆岩 扰动 采区规划 煤矿,10.18356/320b8767-zh,有效抽采及利用煤矿区煤层气 最佳实施方案指南,,,2010,book,UN,https://doi.org/10.18356/320b8767-zh,47.460052
覆岩 扰动 采区规划 煤矿,10.37155/2717-5189-0611-8,浅谈煤矿采煤技术的发展与采煤自动化技术,牟元生,工程管理与技术探讨,2024,journal-article,Omniscient Pte Ltd,https://doi.org/10.37155/2717-5189-0611-8,46.932766
覆岩 扰动 采区规划 煤矿,10.32629/gmsm.v3i4.842,煤矿无人化自动开采技术研究,陈拓其,地矿测绘,2020,journal-article,Frontier Scientific Publishing Pte Ltd,https://doi.org/10.32629/gmsm.v3i4.842,46.843533
覆岩 扰动 采区规划 煤矿,10.18356/7080cdcc-zh,煤矿瓦斯的赋存、释放与预测,,有效抽采及利用煤矿区煤层气 最佳实施方案指南,2010,book-chapter,UN,https://doi.org/10.18356/7080cdcc-zh,46.64164
覆岩 扰动 采区规划 煤矿,10.18356/b0947b10-zh,瓦斯抽采方法比较,,有效抽采及利用煤矿区煤层气 最佳实施方案指南,2010,book-chapter,UN,https://doi.org/10.18356/b0947b10-zh,46.553593
覆岩 扰动 采区规划 煤矿,10.37155/2811-0609-0502-45,煤矿采煤技术的发展与采煤自动化技术的应用,时帅帅; 邱玉东,工程施工新技术,2026,journal-article,Omniscient Pte Ltd,https://doi.org/10.37155/2811-0609-0502-45,46.3464
覆岩 扰动 采区规划 煤矿,10.61369/era.6347,煤矿采矿过程中的岩层控制技术研究,段绍勇,Engineering Research and Application,2024,journal-article,Art and Design Press,https://doi.org/10.61369/era.6347,46.063274
覆岩 扰动 采区规划 煤矿,10.18356/60c6ec99-zh,总结,,有效抽采及利用煤矿区煤层气 最佳实施方案指南,2010,book-chapter,UN,https://doi.org/10.18356/60c6ec99-zh,45.58213
覆岩 扰动 采区规划 煤矿,10.33142/ucp.v1i3.13928,煤矿机电技术管理在煤矿安全生产中的应用探究,刘利飞,城市建设与规划,2024,journal-article,Viser Technology Pte Ltd,https://doi.org/10.33142/ucp.v1i3.13928,45.475224
覆岩 扰动 采区规划 煤矿,10.18356/d0da6d4e-zh,前言,,有效抽采及利用煤矿区煤层气 最佳实施方案指南,2010,book-chapter,UN,https://doi.org/10.18356/d0da6d4e-zh,45.43838
覆岩 扰动 采区规划 煤矿,10.61369/ied.8232,不同采动深度下煤岩体应变能特征及诱发强矿压机制研究,慕彬业,International Economy and Development,2024,journal-article,Art and Design Press,https://doi.org/10.61369/ied.8232,45.36732
覆岩 扰动 采区规划 煤矿,10.18356/37807eee-zh,导言,,有效抽采及利用煤矿区煤层气 最佳实施方案指南,2010,book-chapter,UN,https://doi.org/10.18356/37807eee-zh,45.341427
覆岩 导水裂隙带 含水层 扰动 煤矿,10.32629/gmsm.v3i2.609,基于关键层位置的覆岩导水裂隙带高度预计方法,张允强; 刘强; 李金龙,地矿测绘,2020,journal-article,Frontier Scientific Publishing Pte Ltd,https://doi.org/10.32629/gmsm.v3i2.609,91.434456
覆岩 导水裂隙带 含水层 扰动 煤矿,10.33142/ec.v5i8.6521,宁东矿区煤矿导水裂隙带智能预测及应用,王泽阳,工程建设,2022,journal-article,Viser Technology Pte Ltd,https://doi.org/10.33142/ec.v5i8.6521,80.49982
覆岩 导水裂隙带 含水层 扰动 煤矿,10.33142/hst.v8i12.18440,裂隙水渗流特性与含水层划分方法研究,聂龙龙,水电科技,2025,journal-article,Viser Technology Pte Ltd,https://doi.org/10.33142/hst.v8i12.18440,65.1123
覆岩 导水裂隙带 含水层 扰动 煤矿,10.3799/dqkx.2019.088,华北煤田矿山开采导致含水层破坏风险评估：以淄博洪山煤矿为例,李建中; 周爱国; 周建伟; 柴波; 冯海波; 苏丹辉,Earth Science-Journal of China University of Geosciences,2020,journal-article,Editorial Office of Earth Science,https://doi.org/10.3799/dqkx.2019.088,57.749954
覆岩 导水裂隙带 含水层 扰动 煤矿,10.1360/csb1996-41-16-1493,结晶岩区裂隙水水动力环境的地球化学与同位素标记,王焰新; А.П.Хаустов,Chinese Science Bulletin,1996,journal-article,"Science China Press., Co. Ltd.",https://doi.org/10.1360/csb1996-41-16-1493,56.21363
覆岩 导水裂隙带 含水层 扰动 煤矿,10.3799/dqkx.2021.020,岩溶裂隙含水层中石油类有机物的自然衰减机制,郭永丽; 章程; 吴庆; 全洗强,Earth Science-Journal of China University of Geosciences,2021,journal-article,Editorial Office of Earth Science,https://doi.org/10.3799/dqkx.2021.020,56.026413
覆岩 导水裂隙带 含水层 扰动 煤矿,10.1360/csb2005-50-s1-99,流动的地下水对煤层含气性的破坏机理,秦胜飞,Chinese Science Bulletin,2005,journal-article,"Science China Press., Co. Ltd.",https://doi.org/10.1360/csb2005-50-s1-99,53.4523
覆岩 导水裂隙带 含水层 扰动 煤矿,10.1360/csb2005-50-s1-38,晋城成庄矿煤层大裂隙系统研究,王生维,Chinese Science Bulletin,2005,journal-article,"Science China Press., Co. Ltd.",https://doi.org/10.1360/csb2005-50-s1-38,53.083344
覆岩 导水裂隙带 含水层 扰动 煤矿,10.37155/2811-0609-0420-10,煤矿底板强含水层定向钻进注浆治理技术,张　超,工程施工新技术,2025,journal-article,Omniscient Pte Ltd,https://doi.org/10.37155/2811-0609-0420-10,52.85984
覆岩 导水裂隙带 含水层 扰动 煤矿,10.32629/gmsm.v2i4.295,鹤煤六矿深层开采承压水头限值研究,李向楠,地矿测绘,2019,journal-article,Frontier Scientific Publishing Pte Ltd,https://doi.org/10.32629/gmsm.v2i4.295,51.98966
导水裂隙带 发育 预测 煤层 开采,10.32629/gmsm.v2i6.413,开采易燃煤层采空区低温氧化预测分析,邵嗣华; 赵亮宏; 金世虎; 门万成,地矿测绘,2019,journal-article,Frontier Scientific Publishing Pte Ltd,https://doi.org/10.32629/gmsm.v2i6.413,65.41555
导水裂隙带 发育 预测 煤层 开采,10.33142/ec.v2i4.257,巨厚煤层带压开采防治水技术研究与实践,尹宏昌; 王宏伟,工程建设,2019,journal-article,Viser Technology Pte Ltd,https://doi.org/10.33142/ec.v2i4.257,59.389874
导水裂隙带 发育 预测 煤层 开采,10.32629/gmsm.v2i4.247,低渗煤层CO2预裂增透高效瓦斯抽采原理及应用,汪虎,地矿测绘,2019,journal-article,Frontier Scientific Publishing Pte Ltd,https://doi.org/10.32629/gmsm.v2i4.247,59.113598
导水裂隙带 发育 预测 煤层 开采,10.37155/2811-0609-0412-7,二氧化碳减水压裂技术与常规压裂在煤层气开采中的效率对比,高　凯,工程施工新技术,2025,journal-article,Omniscient Pte Ltd,https://doi.org/10.37155/2811-0609-0412-7,54.811207
导水裂隙带 发育 预测 煤层 开采,10.33142/aem.v2i7.2598,弹性波法超前地质预报对隧道富水裂隙带的探测反映,张聪,建筑工程与管理,2020,journal-article,Viser Technology Pte Ltd,https://doi.org/10.33142/aem.v2i7.2598,52.498222
导水裂隙带 发育 预测 煤层 开采,10.37155/2972-4333-0207-10,煤层气开采发展趋势及其增产技术,勇刘,工程技术创新与发展,2024,journal-article,Omniscient Pte Ltd,https://doi.org/10.37155/2972-4333-0207-10,51.78045
导水裂隙带 发育 预测 煤层 开采,10.32629/gmsm.v3i3.701,煤矿开采引发地表变形的动态测量方法探析,曹东京; 王金正; 程小龙,地矿测绘,2020,journal-article,Frontier Scientific Publishing Pte Ltd,https://doi.org/10.32629/gmsm.v3i3.701,50.037056
导水裂隙带 发育 预测 煤层 开采,10.37155/3041-0827-0108-67,低煤阶煤层气煤储层物性特征对煤层气开发的影响,李俊肖,工程技术与质量管理,2025,journal-article,Omniscient Pte Ltd,https://doi.org/10.37155/3041-0827-0108-67,47.748398
导水裂隙带 发育 预测 煤层 开采,10.37155/2811-0609-0414-39,井工开采薄煤层开采技术难题与解决方案,孙卫星,工程施工新技术,2025,journal-article,Omniscient Pte Ltd,https://doi.org/10.37155/2811-0609-0414-39,47.170074
导水裂隙带 发育 预测 煤层 开采,10.37155/2717-5189-0516-9,厚煤层开采中煤矿综采技术的应用分析,左小岗,工程管理与技术探讨,2023,journal-article,Omniscient Pte Ltd,https://doi.org/10.37155/2717-5189-0516-9,46.78786
地表沉陷 采煤 沉陷 预测 煤矿,10.37155/2811-0595-0202-18,煤矿地质中土地沉陷预测研究,郝晓宇,地质研究与环境保护,2023,journal-article,Omniscient Pte Ltd,https://doi.org/10.37155/2811-0595-0202-18,104.87491
地表沉陷 采煤 沉陷 预测 煤矿,10.37155/2811-0609-0401-26,煤矿开采沉陷地质灾害和处理策略,刘　斌,工程施工新技术,2025,journal-article,Omniscient Pte Ltd,https://doi.org/10.37155/2811-0609-0401-26,94.02077
地表沉陷 采煤 沉陷 预测 煤矿,10.37155/2811-0625-0319-43,煤矿开采沉陷充填开采技术应用,广李,现代工程项目管理,2024,journal-article,Omniscient Pte Ltd,https://doi.org/10.37155/2811-0625-0319-43,91.67273
地表沉陷 采煤 沉陷 预测 煤矿,10.37155/2811-0625-0324-48,煤矿开采沉陷充填开采技术应用研究,陈　新,现代工程项目管理,2024,journal-article,Omniscient Pte Ltd,https://doi.org/10.37155/2811-0625-0324-48,89.81527
地表沉陷 采煤 沉陷 预测 煤矿,10.37155/2811-0609-0210-26,煤矿开采沉陷预防和控制技术,崔浩浩; 施凤刚; 王　林; 文小彬,工程施工新技术,2023,journal-article,Omniscient Pte Ltd,https://doi.org/10.37155/2811-0609-0210-26,89.15818
地表沉陷 采煤 沉陷 预测 煤矿,10.32629/gmsm.v3i4.828,GPS RTK技术在采煤塌陷地治理测量中的运用,陈宗成,地矿测绘,2020,journal-article,Frontier Scientific Publishing Pte Ltd,https://doi.org/10.32629/gmsm.v3i4.828,88.773605
地表沉陷 采煤 沉陷 预测 煤矿,10.37155/2811-0595-0202-53,采煤沉陷区土地复垦技术展望,莽许,地质研究与环境保护,2023,journal-article,Omniscient Pte Ltd,https://doi.org/10.37155/2811-0595-0202-53,88.053696
地表沉陷 采煤 沉陷 预测 煤矿,10.37155/2811-0609-0310-58,煤矿开采沉陷分析及其防治措施研究,孟　波,工程施工新技术,2024,journal-article,Omniscient Pte Ltd,https://doi.org/10.37155/2811-0609-0310-58,85.72309
地表沉陷 采煤 沉陷 预测 煤矿,10.37155/2811-0609-0404-76,基于多数据源的采煤沉陷区早期识别及地面形变特征监测,张国强,工程施工新技术,2025,journal-article,Omniscient Pte Ltd,https://doi.org/10.37155/2811-0609-0404-76,83.65386
地表沉陷 采煤 沉陷 预测 煤矿,10.37155/2811-0609-0302-67,煤矿开采塌陷地生态修复治理,陈　伟,工程施工新技术,2024,journal-article,Omniscient Pte Ltd,https://doi.org/10.37155/2811-0609-0302-67,73.757095
地表沉陷 采煤 沉陷 预测 煤矿,10.37155/2811-0609-0312-27,井工煤矿地表塌陷及治理分析,孟　波,工程施工新技术,2024,journal-article,Omniscient Pte Ltd,https://doi.org/10.37155/2811-0609-0312-27,72.08147
地表沉陷 采煤 沉陷 预测 煤矿,10.32629/gmsm.v1i3.33,采矿新技术在煤矿开采中的应用研究,傅振斌,地矿测绘,2018,journal-article,Frontier Scientific Publishing Pte Ltd,https://doi.org/10.32629/gmsm.v1i3.33,71.02419
上行开采 覆岩 采动 煤层,10.37155/3041-0827-0108-24,复杂地质条件下煤矿薄煤层开采可行性研究,王世杰,工程技术与质量管理,2025,journal-article,Omniscient Pte Ltd,https://doi.org/10.37155/3041-0827-0108-24,59.657368
上行开采 覆岩 采动 煤层,10.37155/2717-5189-0522-14,薄煤层开采过程中围岩管控技术研究,陈瑞强; 磊石,工程管理与技术探讨,2023,journal-article,Omniscient Pte Ltd,https://doi.org/10.37155/2717-5189-0522-14,57.581757
上行开采 覆岩 采动 煤层,10.37155/2717-5189-0615-15,煤矿综采技术在厚煤层开采中的应用,浩陈; 马小明; 乔家亮; 一高; 贾云龙,工程管理与技术探讨,2024,journal-article,Omniscient Pte Ltd,https://doi.org/10.37155/2717-5189-0615-15,57.265114
上行开采 覆岩 采动 煤层,10.32629/9789811439018,煤矿开采理论与方法,,,2019,book,Frontier Scientific Publishing Pte. Ltd.,https://doi.org/10.32629/9789811439018,56.907207
上行开采 覆岩 采动 煤层,10.37155/2811-0595-0102-14,露天采矿机在厚煤层开采中的应用探析,徐明明,地质研究与环境保护,2022,journal-article,Omniscient Pte Ltd,https://doi.org/10.37155/2811-0595-0102-14,56.896854
上行开采 覆岩 采动 煤层,10.69979/3029-2727.24.12.039,煤层气煤炭勘查开采管理模式分析,,建筑技术与创新,2024,journal-article,Singapore Juzhi Journal Publishing PTE. Ltd.,https://doi.org/10.69979/3029-2727.24.12.039,56.892796
上行开采 覆岩 采动 煤层,10.18686/ct.v1i2.2457,厚煤层放顶煤开采技术研究,张绪让,城市建设理论研究—施工技术,2016,journal-article,Universe Scientific Publishing Pte. Ltd.,https://doi.org/10.18686/ct.v1i2.2457,56.12433
上行开采 覆岩 采动 煤层,10.37155/3041-0827-0108-6,宁武煤田极薄层间距煤层过断层开采工艺优化与实践,张子学,工程技术与质量管理,2025,journal-article,Omniscient Pte Ltd,https://doi.org/10.37155/3041-0827-0108-6,56.042313
上行开采 覆岩 采动 煤层,10.37155/2811-0609-0409-71,新形势下煤矿开采中采煤技术研究,勇土,工程施工新技术,2025,journal-article,Omniscient Pte Ltd,https://doi.org/10.37155/2811-0609-0409-71,55.34369
上行开采 覆岩 采动 煤层,10.37155/2811-0609-0310-21,煤矿开采中的智能开采技术,马文选,工程施工新技术,2024,journal-article,Omniscient Pte Ltd,https://doi.org/10.37155/2811-0609-0310-21,55.254913
煤矿 智能化 采区 规划,10.33142/ec.v6i10.9641,浅谈煤矿智能化开采及智慧化矿山的建设,李翀,工程建设,2023,journal-article,Viser Technology Pte Ltd,https://doi.org/10.33142/ec.v6i10.9641,64.35873
煤矿 智能化 采区 规划,10.33142/sca.v2i8.1216,煤矿矿井井筒穿越采空区的治理方法,王振,智能城市应用,2019,journal-article,Viser Technology Pte Ltd,https://doi.org/10.33142/sca.v2i8.1216,62.324154
煤矿 智能化 采区 规划,10.33142/ec.v3i3.1574,煤矿采煤机智能化关键技术探讨,蒋峰,工程建设,2020,journal-article,Viser Technology Pte Ltd,https://doi.org/10.33142/ec.v3i3.1574,61.697193
煤矿 智能化 采区 规划,10.37155/2717-5316-0606-31,煤矿采煤机智能化研究,王晓峰,工程学研究与实用,2025,journal-article,Omniscient Pte Ltd,https://doi.org/10.37155/2717-5316-0606-31,60.873806
煤矿 智能化 采区 规划,10.37155/2811-0595-0412-6,煤矿采煤机智能化关键技术探讨,李智杰,地质研究与环境保护,2025,journal-article,Omniscient Pte Ltd,https://doi.org/10.37155/2811-0595-0412-6,60.810135
煤矿 智能化 采区 规划,10.37155/2811-0595-0104-5,分析煤矿采煤机智能化关键技术,贾智勇,地质研究与环境保护,2022,journal-article,Omniscient Pte Ltd,https://doi.org/10.37155/2811-0595-0104-5,60.80447
煤矿 智能化 采区 规划,10.64216/3080-1508.26.02.055,智能化煤矿开采技术体系构建与优化,,工程技术论坛,2026,journal-article,"Hong Kong Anmai Publishing Co., Ltd.",https://doi.org/10.64216/3080-1508.26.02.055,59.024117
煤矿 智能化 采区 规划,10.37155/2811-0625-0201-35,煤矿采煤机智能化关键技术探讨,赵志强,现代工程项目管理,2023,journal-article,Omniscient Pte Ltd,https://doi.org/10.37155/2811-0625-0201-35,58.503662
煤矿 智能化 采区 规划,10.37155/2717-5189-0407-1,分析煤矿采煤机智能化关键技术,王振国,工程管理与技术探讨,2022,journal-article,Omniscient Pte Ltd,https://doi.org/10.37155/2717-5189-0407-1,57.903416
煤矿 智能化 采区 规划,10.37155/2717-5316-0420-24,煤矿智能矿山自动化开采技术与应用,满花,工程学研究与实用,2023,journal-article,Omniscient Pte Ltd,https://doi.org/10.37155/2717-5316-0420-24,57.47976
煤矿 智能化 采区 规划,10.33142/9798957332022,智能化采矿技术探究,李冬,,2025,edited-book,Viser Technology Pte. Ltd.,https://doi.org/10.33142/9798957332022,57.39708
煤矿 智能化 采区 规划,10.37155/2717-5316-0506-59,煤矿智能化开采技术研究,董　军,工程学研究与实用,2024,journal-article,Omniscient Pte Ltd,https://doi.org/10.37155/2717-5316-0506-59,57.381527
煤矿 智能化 采区 规划,10.37155/2811-0609-0423-76,煤矿智能化开采现状及展望,蒋　栋,工程施工新技术,2025,journal-article,Omniscient Pte Ltd,https://doi.org/10.37155/2811-0609-0423-76,57.27083
煤矿 智能化 采区 规划,10.37155/2717-5316-0211-26,煤矿自动化智能化开采体系研究,乔彦平,工程学研究与实用,2021,journal-article,Omniscient Pte Ltd,https://doi.org/10.37155/2717-5316-0211-26,57.22722
煤矿 智能化 采区 规划,10.61369/era.4043,煤矿智能化开采技术研究与应用,祁园园,Engineering Research and Application,2024,journal-article,Art and Design Press,https://doi.org/10.61369/era.4043,57.186855
煤矿 智能化 采区 规划,10.37155/2717-5197-0506-44,基于煤矿采煤机智能化关键技术分析,杨跃英,机械与电子控制工程,2023,journal-article,Omniscient Pte Ltd,https://doi.org/10.37155/2717-5197-0506-44,56.88569
煤矿 多目标 优化 采区,10.37155/2972-4333-0307-12,煤矿深部开采采掘技术优化策略,赵文毓,工程技术创新与发展,2025,journal-article,Omniscient Pte Ltd,https://doi.org/10.37155/2972-4333-0307-12,51.29687
煤矿 多目标 优化 采区,10.37155/2717-5189-0618-11,煤化工调度中的多目标优化决策支持系统研究,咬登虎,工程管理与技术探讨,2024,journal-article,Omniscient Pte Ltd,https://doi.org/10.37155/2717-5189-0618-11,51.1449
煤矿 多目标 优化 采区,10.37155/2811-0625-0201-30,智能化矿山采矿技术中的安全管理问题分析,王标标,现代工程项目管理,2023,journal-article,Omniscient Pte Ltd,https://doi.org/10.37155/2811-0625-0201-30,49.943394
煤矿 多目标 优化 采区,10.37155/2811-0625-0211-18,煤矿综合机械化采煤设备及工艺分析,郭晓飞,现代工程项目管理,2023,journal-article,Omniscient Pte Ltd,https://doi.org/10.37155/2811-0625-0211-18,49.24645
煤矿 多目标 优化 采区,10.61369/era.9254,煤矿采矿工程巷道掘进和支护技术优化措施研究,罗建发,Engineering Research and Application,2024,journal-article,Art and Design Press,https://doi.org/10.61369/era.9254,49.16789
煤矿 多目标 优化 采区,10.37155/2811-0595-0312-10,煤矿井下采矿技术存在问题及优化措施,程　上; 丁　磊,地质研究与环境保护,2024,journal-article,Omniscient Pte Ltd,https://doi.org/10.37155/2811-0595-0312-10,48.370026
煤矿 多目标 优化 采区,10.37155/2972-435x-0207-24,煤矿采掘输煤除尘技术问题及方案的优化,刘君贤; 牛汉彬,工程施工与管理,2024,journal-article,Omniscient Pte Ltd,https://doi.org/10.37155/2972-435x-0207-24,48.07468
煤矿 多目标 优化 采区,10.37155/2811-0625-0421-13,现代智能化煤矿开采技术研究,吕　兵,现代工程项目管理,2025,journal-article,Omniscient Pte Ltd,https://doi.org/10.37155/2811-0625-0421-13,47.675842
煤矿 多目标 优化 采区,10.37155/2811-0625-0309-64,采矿新技术对煤矿开采的重要性,付超军,现代工程项目管理,2024,journal-article,Omniscient Pte Ltd,https://doi.org/10.37155/2811-0625-0309-64,47.39088
煤矿 经济评价 风险 净现值,10.33142/mem.v4i2.9575,工程项目经济评价中不确定性与风险分析探讨,李娜,现代经济管理,2023,journal-article,Viser Technology Pte Ltd,https://doi.org/10.33142/mem.v4i2.9575,69.46172
煤矿 经济评价 风险 净现值,10.69979/3029-2700.25.05.047,浅谈经济法在金融风险防范中的价值,,社会企业经济发展,2025,journal-article,Singapore Juzhi Journal Publishing PTE. Ltd.,https://doi.org/10.69979/3029-2700.25.05.047,64.89273
煤矿 经济评价 风险 净现值,10.64216/3080-1486.25.11.049,智能技术在企业内控风险评价中的应用现状与瓶颈,杨苏轩李德胜,社会经济导刊,2025,journal-article,"Hong Kong Anmai Publishing Co., Ltd.",https://doi.org/10.64216/3080-1486.25.11.049,60.506596
煤矿 经济评价 风险 净现值,10.1360/csb1990-35-16-1253,淮南晚古生代煤田树皮残植煤的发现及其经济价值,陶成才,Chinese Science Bulletin,1990,journal-article,"Science China Press., Co. Ltd.",https://doi.org/10.1360/csb1990-35-16-1253,58.072357
煤矿 经济评价 风险 净现值,10.37155/2811-0625-0415-53,煤矿机电安全风险评估方法与优化策略,李　云,现代工程项目管理,2025,journal-article,Omniscient Pte Ltd,https://doi.org/10.37155/2811-0625-0415-53,56.897102
煤矿 经济评价 风险 净现值,10.37155/3041-0819-0106-57,煤矿安全风险评估中大数据技术的应用研究,王　欣,现代建筑工程技术,2025,journal-article,Omniscient Pte Ltd,https://doi.org/10.37155/3041-0819-0106-57,55.473335
煤矿 经济评价 风险 净现值,10.33142/mem.v4i4.10610,建筑施工企业增值税发票管理及风险防控分析,唐少学,现代经济管理,2023,journal-article,Viser Technology Pte Ltd,https://doi.org/10.33142/mem.v4i4.10610,54.872894
煤矿 经济评价 风险 净现值,10.37155/2972-435x-0306-18,煤矿开采中现代煤矿机电的应用价值,田建平,工程施工与管理,2025,journal-article,Omniscient Pte Ltd,https://doi.org/10.37155/2972-435x-0306-18,54.834442
煤矿 经济评价 风险 净现值,10.64216/3080-1486.26.03.031,财务管理中的风险防控实操方法及价值创造实践研究,,社会经济导刊,2026,journal-article,"Hong Kong Anmai Publishing Co., Ltd.",https://doi.org/10.64216/3080-1486.26.03.031,54.001244
煤矿 经济评价 风险 净现值,10.64216/3080-1486.25.08.004,冰雪企业风险韧性构建与财务价值共创机制研究,顾秋影葛琳,社会经济导刊,2025,journal-article,"Hong Kong Anmai Publishing Co., Ltd.",https://doi.org/10.64216/3080-1486.25.08.004,53.893806
煤矿 经济评价 风险 净现值,10.33142/mem.v4i3.9999,论电力营销中电价与电费风险因素的控制路径,林德力,现代经济管理,2023,journal-article,Viser Technology Pte Ltd,https://doi.org/10.33142/mem.v4i3.9999,53.7287
煤矿 经济评价 风险 净现值,10.33142/mem.v3i1.5811,BIM技术在工程造价成本预算风险管理中的应用,张莉娜,现代经济管理,2022,journal-article,Viser Technology Pte Ltd,https://doi.org/10.33142/mem.v3i1.5811,53.47283
煤矿 经济评价 风险 净现值,10.33142/mem.v5i3.12827,市场化改革背景下供电企业电费电价风险控制分析,林薇,现代经济管理,2024,journal-article,Viser Technology Pte Ltd,https://doi.org/10.33142/mem.v5i3.12827,52.88471
煤矿 经济评价 风险 净现值,10.64216/3080-1486.26.04.035,供热资产评估风险控制研究,,社会经济导刊,2026,journal-article,"Hong Kong Anmai Publishing Co., Ltd.",https://doi.org/10.64216/3080-1486.26.04.035,52.708267
煤矿 经济评价 风险 净现值,10.32629/ej.v2i1.81,现代财务观下的财务风险管理2p,蒙婷,经济学,2019,journal-article,Frontier Scientific Publishing Pte Ltd,https://doi.org/10.32629/ej.v2i1.81,52.29107
煤矿 经济评价 风险 净现值,10.33142/aem.v6i10.14378,工程项目经济评价中不确定性分析与风险管理研究,赖毅; 袁莎,建筑工程与管理,2024,journal-article,Viser Technology Pte Ltd,https://doi.org/10.33142/aem.v6i10.14378,51.856274
煤矿 经济评价 风险 净现值,10.33142/mfm.v1i3.2561,探析煤矿经营管理中的精细化管理,王媛,现代经济管理,2020,journal-article,Viser Technology Pte Ltd,https://doi.org/10.33142/mfm.v1i3.2561,51.639305
煤矿 经济评价 风险 净现值,10.37155/2811-0609-0501-34,煤矿通风安全评价与优化,靳亚星,工程施工新技术,2026,journal-article,Omniscient Pte Ltd,https://doi.org/10.37155/2811-0609-0501-34,51.625175
煤矿 经济评价 风险 净现值,10.33142/mem.v6i2.16143,建筑工程经济性评价指标体系优化路径研究,黄丽娜,现代经济管理,2025,journal-article,Viser Technology Pte Ltd,https://doi.org/10.33142/mem.v6i2.16143,51.219696
煤矿 经济评价 风险 净现值,10.33142/mem.v5i3.12833,房地产公司风险管理,朱伟潮,现代经济管理,2024,journal-article,Viser Technology Pte Ltd,https://doi.org/10.33142/mem.v5i3.12833,51.173523
煤矿 覆岩破坏 导水裂隙带,10.32629/gmsm.v3i1.489,红会矿区小煤矿破坏区火灾隐患治理方案,赵立龙,地矿测绘,2020,journal-article,Frontier Scientific Publishing Pte Ltd,https://doi.org/10.32629/gmsm.v3i1.489,50.13918
煤矿 覆岩破坏 导水裂隙带,10.1360/csb1993-38-9-826,岩盐水力压裂的变形破裂准则,阳友奎,Chinese Science Bulletin,1993,journal-article,"Science China Press., Co. Ltd.",https://doi.org/10.1360/csb1993-38-9-826,41.58862
煤矿 覆岩破坏 导水裂隙带,10.1360/n072018-00184,岩石裂隙决定喀斯特关键带地表木本与草本植物覆盖,SophieM. GREEN; JeroenMEERSMANS; 戴景钰; 彭建; 刘鸿雁; 吴秀臣; 蒋子涵; 王红亚,SCIENTIA SINICA Terrae,2019,journal-article,"Science China Press., Co. Ltd.",https://doi.org/10.1360/n072018-00184,40.776184
煤矿 覆岩破坏 导水裂隙带,10.37155/2811-0595-0306-3,定向钻孔穿煤、穿岩（软岩及破碎带）成孔施工分析,张　浩,地质研究与环境保护,2024,journal-article,Omniscient Pte Ltd,https://doi.org/10.37155/2811-0595-0306-3,40.753952
煤矿 覆岩破坏 导水裂隙带,10.33142/ec.v3i9.2529,隧道基岩裂隙水及地下水的施工过程控制,王志永; 李培林,工程建设,2020,journal-article,Viser Technology Pte Ltd,https://doi.org/10.33142/ec.v3i9.2529,40.290268
煤矿 采掘接续 优化,10.37155/2717-557x-0623-54,煤矿采矿过程中现代化采掘工艺与技术应用研究分析,张伟,城市建筑与发展,2025,journal-article,Omniscient Pte Ltd,https://doi.org/10.37155/2717-557x-0623-54,52.71433
煤矿 采掘接续 优化,10.69979/3029-2727.25.01.054,煤矿采掘机械自动化和智能化应用研究,,建筑技术与创新,2025,journal-article,Singapore Juzhi Journal Publishing PTE. Ltd.,https://doi.org/10.69979/3029-2727.25.01.054,51.33198
煤矿 采掘接续 优化,10.37155/2811-0609-0405-68,煤矿采掘机械自动化和智能化应用研究,李国超,工程施工新技术,2025,journal-article,Omniscient Pte Ltd,https://doi.org/10.37155/2811-0609-0405-68,50.332134
煤矿 采掘接续 优化,10.33142/aem.v3i1.3643,煤矿综掘智能化开采技术研究,汪华然,建筑工程与管理,2021,journal-article,Viser Technology Pte Ltd,https://doi.org/10.33142/aem.v3i1.3643,50.320786
煤矿 采掘接续 优化,10.37155/2811-0609-0422-64,煤矿采掘机械自动化和智能化应用研究,苏占飞,工程施工新技术,2025,journal-article,Omniscient Pte Ltd,https://doi.org/10.37155/2811-0609-0422-64,50.169983
煤矿 采掘接续 优化,10.61369/era.5765,煤矿掘进技术优化与安全生产研究,徐超,Engineering Research and Application,2024,journal-article,Art and Design Press,https://doi.org/10.61369/era.5765,49.627823
煤矿 采掘接续 优化,10.37155/2811-0595-0207-11,煤矿采掘机械自动化和智能化应用研究,王国顺,地质研究与环境保护,2023,journal-article,Omniscient Pte Ltd,https://doi.org/10.37155/2811-0595-0207-11,49.11235
煤矿 采掘接续 优化,10.33142/ec.v5i10.7008,煤矿采掘中应用智能机械化技术的研究分析,施锦辉,工程建设,2022,journal-article,Viser Technology Pte Ltd,https://doi.org/10.33142/ec.v5i10.7008,48.79801
煤矿 采掘接续 优化,10.32629/gmsm.v2i6.403,浅析煤矿采掘引起粉尘污染与防治策略,丁海龙,地矿测绘,2019,journal-article,Frontier Scientific Publishing Pte Ltd,https://doi.org/10.32629/gmsm.v2i6.403,47.966362
煤矿 巷道布置 采区 优化,10.33142/ec.v7i11.14237,煤矿采矿工程巷道支护技术的应用研究,王培花,工程建设,2024,journal-article,Viser Technology Pte Ltd,https://doi.org/10.33142/ec.v7i11.14237,57.07743
煤矿 巷道布置 采区 优化,10.36012/etr.v1i2.279,煤矿采矿工程巷道掘进和支护应用研究,高峰,工程技术研究,2019,journal-article,Encyclopaedic Publishing Pte Ltd,https://doi.org/10.36012/etr.v1i2.279,56.664623
煤矿 巷道布置 采区 优化,10.37155/2811-0625-0412-70,煤矿巷道支护技术的研究与优化,白少锋; 周　旭,现代工程项目管理,2025,journal-article,Omniscient Pte Ltd,https://doi.org/10.37155/2811-0625-0412-70,56.40123
煤矿 巷道布置 采区 优化,10.37155/2717-5189-0713-48,煤矿采矿工程巷道掘进和支护技术,吕传桂,工程管理与技术探讨,2025,journal-article,Omniscient Pte Ltd,https://doi.org/10.37155/2717-5189-0713-48,55.914238
煤矿 巷道布置 采区 优化,10.37155/2717-5197-0717-18,煤矿掘进巷道支护技术优化与应用研究,陈爱喜,机械与电子控制工程,2025,journal-article,Omniscient Pte Ltd,https://doi.org/10.37155/2717-5197-0717-18,55.651707
煤矿 巷道布置 采区 优化,10.37155/2811-0625-0422-74,煤矿采矿工程巷道掘进和支护应用研究,曾　东,现代工程项目管理,2025,journal-article,Omniscient Pte Ltd,https://doi.org/10.37155/2811-0625-0422-74,55.563583
煤矿 巷道布置 采区 优化,10.37155/3041-0827-0112-68,煤矿采矿工程巷道掘进与支护技术研究,李　鹏,工程技术与质量管理,2025,journal-article,Omniscient Pte Ltd,https://doi.org/10.37155/3041-0827-0112-68,54.570793
煤矿 巷道布置 采区 优化,10.37155/2811-0595-0205-47,煤矿采矿工程巷道掘进与支护技术措施,成张,地质研究与环境保护,2023,journal-article,Omniscient Pte Ltd,https://doi.org/10.37155/2811-0595-0205-47,54.372707
煤矿 巷道布置 采区 优化,10.36012/etr.v2i9.2691,煤矿采矿工程巷道掘进和支护应用研究,石永光; 刘文利; 莘勇刚,工程技术研究,2020,journal-article,Encyclopaedic Publishing Pte Ltd,https://doi.org/10.36012/etr.v2i9.2691,54.303444
煤矿 巷道布置 采区 优化,10.37155/2972-435x-0211-3,井工三矿特厚煤层大断面巷道掘进空顶距优化研究,高志超,工程施工与管理,2024,journal-article,Omniscient Pte Ltd,https://doi.org/10.37155/2972-435x-0211-3,53.993736
煤矿 巷道布置 采区 优化,10.37155/2811-0595-0310-37,煤矿采矿工程巷道支护技术的应用研究,永李,地质研究与环境保护,2024,journal-article,Omniscient Pte Ltd,https://doi.org/10.37155/2811-0595-0310-37,53.81703
煤矿 巷道布置 采区 优化,10.37155/3041-0827-0104-49,煤矿采矿工程巷道掘进和支护技术探析,王令超,工程技术与质量管理,2025,journal-article,Omniscient Pte Ltd,https://doi.org/10.37155/3041-0827-0104-49,53.762657
煤矿 巷道布置 采区 优化,10.37155/2972-4333-0310-18,煤矿采矿工程巷道掘进和支护应用研究,王虎成,工程技术创新与发展,2025,journal-article,Omniscient Pte Ltd,https://doi.org/10.37155/2972-4333-0310-18,53.500355
