ID,X,Y,Ti,Hi,Di,Mi
42-17,493819.99,5403253.54,39.543877229869224,241.38375208288926,0.5002946308858924,0
44-20,494139.87,5403910.06,38.10588328267363,260.46094692020694,0.5005114065488294,0
44-21,494281.28,5403430.68,34.539876987396354,242.68468311829724,0.5007685494110949,0
46-17,494772.09,5403559.76,63.30218759516477,238.38134756191465,0.9984936603514494,13
46-18,494932.54,5403086.53,27.83569798548161,249.52876461294335,0.7991008054161278,0
48-20,495395.96,5403245.75,31.65057532048609,256.56649918259865,0.5009606280953155,0
48-19,495234.32,5403718.35,58.843075020450414,268.6729960707685,0.5009352027252125,0
BK14-7,495198.22,5404068.78,5.442800823311713,316.34764461378813,0.5999945957065467,0
BND-1,493819.99,5403086.53,39.24123167052155,243.2175780302696,0.518251486484427,0
BND-2,495395.96,5403086.53,33.213519936977534,256.62826681013746,0.549402019786349,0
BND-3,495395.96,5404068.78,19.28102853554737,299.1111006170469,0.5958009056303692,0
BND-4,493819.99,5404068.78,38.38245263774931,257.1485515600045,0.5458804641311439,0
WF-1-LOC1,493827.2631,5403730.276,38.49112054584397,252.95269083016765,0.5432983939994489,13
WF-1-LOC2,495204.715,5403730.059,58.320671457584304,268.7786834493748,0.5041172752533846,13
WF-1-LOC3,495204.715,5403525.741,47.61411792021845,263.6688045779144,0.5866166048755042,13
WF-1-LOC4,493827.2631,5403526.016,38.72827726323526,247.0490477371724,0.534292881590702,13
WF-1-BJ1,493852.30767999997,5403730.272054545,38.46676321963215,253.22792837129006,0.5422284025327484,13
WF-1-BJ2,493877.35225999996,5403730.268109091,38.44172039019884,253.5196275066625,0.5410808742526514,13
WF-1-BJ3,493902.39684,5403730.264163636,38.41651840033025,253.82386766012934,0.5398583972888715,13
WF-1-BJ4,493927.44142,5403730.260218182,38.39176408948246,254.1356792424694,0.5385722603305154,13
WF-1-BJ5,493952.486,5403730.256272727,38.36814081753403,254.4489139639595,0.5372446762739765,13
WF-1-BJ6,493977.53057999996,5403730.252327273,38.346559414132805,254.75512277444963,0.5359148915590771,13
WF-1-BJ7,494002.57516,5403730.248381818,38.328441377196185,255.03964102030784,0.5346687163798576,13
WF-1-BJ8,494027.61974,5403730.244436364,38.31447071877544,255.29116122685429,0.5335964205512346,13
WF-1-BJ9,494052.66432,5403730.240490909,38.30576428099502,255.49606528371666,0.5328066977236063,13
WF-1-BJ10,494077.70889999997,5403730.236545455,38.30366358286402,255.6402190744076,0.5324233048165423,13
WF-1-BJ11,494102.75348,5403730.2326,38.30984871825278,255.71010518145013,0.5325795758624216,13
WF-1-BJ12,494127.79806,5403730.228654545,38.326473761010725,255.69420688763768,0.5334116194811701,13
WF-1-BJ13,494152.84264,5403730.224709091,38.357595968195554,255.5785611405915,0.5351134171905981,13
WF-1-BJ14,494177.88722,5403730.220763636,38.41002070224922,255.3592445431463,0.5378850482373191,13
WF-1-BJ15,494202.9318,5403730.216818182,38.48771205723373,255.06267710820208,0.5416762671229568,13
WF-1-BJ16,494227.97638,5403730.212872727,38.59749620635768,254.70864632098173,0.546526359946659,13
WF-1-BJ17,494253.02096,5403730.208927273,38.74701206305189,254.32009887662088,0.5524644332977745,13
WF-1-BJ18,494278.06554,5403730.204981818,38.94447979523564,253.920364643319,0.5595188503777918,13
WF-1-BJ19,494303.11011999997,5403730.201036364,39.19844787750769,253.53049765554562,0.5677254101177414,13
WF-1-BJ20,494328.1547,5403730.197090909,39.523838322588574,253.1697569419376,0.5772410814640432,13
WF-1-BJ21,494353.19928,5403730.193145455,39.934361139135845,252.84879012385642,0.5882023681828248,13
WF-1-BJ22,494378.24386,5403730.1892,40.42887073489442,252.561886429046,0.6005275663812422,13
WF-1-BJ23,494403.28844,5403730.185254545,41.01274176027195,252.30211564520476,0.6142592027099824,13
WF-1-BJ24,494428.33302,5403730.181309091,41.689542286377176,252.05931322768737,0.6294078249358361,13
WF-1-BJ25,494453.3776,5403730.177363636,42.460590231312864,251.82123705669696,0.6459421180373585,13
WF-1-BJ26,494478.42218,5403730.173418182,43.324484323145015,251.57472431955892,0.6637799410190017,13
WF-1-BJ27,494503.46676,5403730.169472727,44.2838352775057,251.30342304185135,0.6828621133978412,13
WF-1-BJ28,494528.51134,5403730.165527273,45.32417569440552,250.99395104023628,0.7028596298606142,13
WF-1-BJ29,494553.55592,5403730.161581818,46.41841814259853,250.64517935992694,0.7233054304826929,13
WF-1-BJ30,494578.6005,5403730.157636364,47.54327982478031,250.25968151720124,0.7437813156507541,13
WF-1-BJ31,494603.64508,5403730.153690909,48.67024117314701,249.84709804842788,0.7638038487899225,13
WF-1-BJ32,494628.68966000003,5403730.149745455,49.76581210893006,249.4249482582721,0.7828306095053303,13
WF-1-BJ33,494653.73424,5403730.1458,50.79203584348496,249.01923210460768,0.8002686534505092,13
WF-1-BJ34,494678.77882,5403730.141854545,51.6877363534567,248.67813061993402,0.8151291688073757,13
WF-1-BJ35,494703.8234,5403730.137909091,52.397730295149344,248.4635400694706,0.8265984521093374,13
WF-1-BJ36,494728.86798000004,5403730.133963636,52.894927990561264,248.4232013081965,0.8343032786836427,13
WF-1-BJ37,494753.91256,5403730.130018182,53.150964753795876,248.60843484187126,0.8377670368512673,13
WF-1-BJ38,494778.95714,5403730.126072727,53.15009062090919,249.06428017534392,0.8366528323817789,13
WF-1-BJ39,494804.00172,5403730.122127273,52.89209511545024,249.8248917619131,0.8307947710875049,13
WF-1-BJ40,494829.0463,5403730.118181818,52.39470540555354,250.9090736528469,0.8202232684743817,13
WF-1-BJ41,494854.09088000003,5403730.114236364,51.68107841801289,252.3512550834559,0.8047018894256447,13
WF-1-BJ42,494879.13546,5403730.110290909,50.849252710049036,254.08555749295806,0.7851983499850596,13
WF-1-BJ43,494904.18004,5403730.106345455,49.996343400040615,256.02369071401034,0.7627525021812277,13
WF-1-BJ44,494929.22462,5403730.1024,49.21021288406051,258.0869851926028,0.7381197679458275,13
WF-1-BJ45,494954.26920000004,5403730.098454545,48.57874218786375,260.18847627384656,0.7120435982290066,13
WF-1-BJ46,494979.31378,5403730.094509091,48.1854034190121,262.23801856531776,0.6852174290697477,13
WF-1-BJ47,495004.35836,5403730.090563636,48.105012575626546,264.14732636744526,0.6582558298983523,13
WF-1-BJ48,495029.40294,5403730.086618182,48.4604380010397,265.78996570179066,0.6318203923362433,13
WF-1-BJ49,495054.44752000005,5403730.082672727,49.25577370934863,267.10733413315586,0.6064266746019641,13
WF-1-BJ50,495079.49210000003,5403730.078727273,50.451488276388254,268.0820765286907,0.5824595281230699,13
WF-1-BJ51,495104.53668,5403730.074781818,51.9839832846173,268.71056078684074,0.5603982947401825,13
WF-1-BJ52,495129.58126,5403730.070836364,53.737360072335896,269.019833616205,0.5408102670608819,13
WF-1-BJ53,495154.62584000005,5403730.066890909,55.543439582918154,269.06861546001693,0.5243382406880728,13
WF-1-BJ54,495179.67042000004,5403730.062945455,57.18775024285656,268.94582019130445,0.5116589692864619,13
WF-1-BJ55,495204.715,5403704.51925,58.315351717243075,268.7057537676415,0.5045492931285948,13
WF-1-BJ56,495204.715,5403678.9795,57.605601573097324,268.619802089604,0.5099090130642707,13
WF-1-BJ57,495204.715,5403653.439750001,56.38192852296788,268.35231725731273,0.5195522213143091,13
WF-1-BJ58,495204.715,5403627.9,54.821049989838826,267.82375950737253,0.5323118871522396,13
WF-1-BJ59,495204.715,5403602.36025,53.07062743448656,267.0309767861444,0.5467426038226084,13
WF-1-BJ60,495204.715,5403576.8205,51.24146592238766,266.0232608505932,0.5613869284305173,13
WF-1-BJ61,495204.715,5403551.280750001,49.40785444130245,264.8759928762966,0.5749885862354762,13
WF-1-BJ62,495179.67042000004,5403525.746,47.68566376703427,263.1826255434843,0.5964958546984267,13
WF-1-BJ63,495154.62584000005,5403525.751,47.68052822442898,262.49822765855384,0.6093024432350488,13
WF-1-BJ64,495129.58126,5403525.756,47.67660607700776,261.6264389667105,0.6248068571854747,13
WF-1-BJ65,495104.53668,5403525.761,47.735161180131726,260.5574011771435,0.6430780178719988,13
WF-1-BJ66,495079.49210000003,5403525.766000001,47.91616050231742,259.28509488223517,0.6641346882149571,13
WF-1-BJ67,495054.44752000005,5403525.771000001,48.2750224428889,257.80799605885414,0.6879509163336933,13
WF-1-BJ68,495029.40294,5403525.776000001,48.85960378806995,256.12991125674404,0.7144569597374337,13
WF-1-BJ69,495004.35836,5403525.781,49.72390066838766,254.25177063591576,0.7436655469427107,13
WF-1-BJ70,494979.31378,5403525.786,50.91384225724942,252.19085715113602,0.7754499769475679,13
WF-1-BJ71,494954.26920000004,5403525.791,52.37418532223823,250.01904344781406,0.8089465654676721,13
WF-1-BJ72,494929.22462,5403525.796,54.05987334326737,247.79875295445134,0.8433963667173916,13
WF-1-BJ73,494904.18004,5403525.801,55.894886760604024,245.6109786446027,0.8777290564429234,13
WF-1-BJ74,494879.13546,5403525.806,57.77255368665255,243.55304059086387,0.9105565337129353,13
WF-1-BJ75,494854.09088000003,5403525.811000001,59.55882199511649,241.7338496821822,0.9402035632807131,13
WF-1-BJ76,494829.0463,5403525.816000001,61.0664045750823,240.30039050859136,0.9642369008767073,13
WF-1-BJ77,494804.00172,5403525.821,62.0734816160095,239.39371364976262,0.9798930384175379,13
WF-1-BJ78,494778.95714,5403525.826,62.52047775896511,238.9922879296149,0.9867886386127959,13
WF-1-BJ79,494753.91256,5403525.831,62.37106508221737,239.07228187662042,0.9845689449113282,13
WF-1-BJ80,494728.86798000004,5403525.836,61.64226320062613,239.5691955390981,0.9735389305704163,13
WF-1-BJ81,494703.8234,5403525.841,60.395946339098714,240.3887011809656,0.9545574312011444,13
WF-1-BJ82,494678.77882,5403525.846,58.7270840898128,241.41915445675767,0.9288927752414708,13
WF-1-BJ83,494653.73424,5403525.851,56.73402760478385,242.54259327081053,0.8977520390254147,13
WF-1-BJ84,494628.68966000003,5403525.856000001,54.55996939080204,243.62734454077594,0.8630367784398513,13
WF-1-BJ85,494603.64508,5403525.8610000005,52.3261444265115,244.5969876593949,0.826552963838096,13
WF-1-BJ86,494578.6005,5403525.866,50.10315130179583,245.4041853700379,0.7893567466103892,13
WF-1-BJ87,494553.55592,5403525.871,47.94685384143506,246.01884405953734,0.7523527569915762,13
WF-1-BJ88,494528.51134,5403525.876,45.900244915733424,246.42627024383356,0.7163157131613248,13
WF-1-BJ89,494503.46676,5403525.881,43.995539004535644,246.6253215414763,0.681913107594271,13
WF-1-BJ90,494478.42218,5403525.886,42.275825164865594,246.6096858608919,0.6500284954994386,13
WF-1-BJ91,494453.3776,5403525.891,40.760750169691086,246.41541331755775,0.6213115478800301,13
WF-1-BJ92,494428.33302,5403525.896,39.442497957475354,246.09929751112526,0.5959172074929364,13
WF-1-BJ93,494403.28844,5403525.901,38.3265127296362,245.70507889149758,0.5741425257430408,13
WF-1-BJ94,494378.24386,5403525.906,37.41486187812522,245.28076390152646,0.556184662002406,13
WF-1-BJ95,494353.19928,5403525.911,36.70596506296737,244.8762219082907,0.5421237891565049,13
WF-1-BJ96,494328.1547,5403525.916,36.194187371426096,244.54033003027075,0.5319064571885761,13
WF-1-BJ97,494303.11011999997,5403525.921,35.88857332360426,244.33548866214647,0.5256923875726327,13
WF-1-BJ98,494278.06554,5403525.926,35.75743126550896,244.29332546978384,0.5227620582564994,13
WF-1-BJ99,494253.02096,5403525.931,35.76031210306647,244.40697874656507,0.5222199146797885,13
WF-1-BJ100,494227.97638,5403525.936,35.86960642849855,244.6627155571701,0.5234300190645944,13
WF-1-BJ101,494202.9318,5403525.941,36.0572099212861,245.03335587097772,0.5257708505366424,13
WF-1-BJ102,494177.88722,5403525.9459999995,36.296311755490336,245.4821482382987,0.52867824777564,13
WF-1-BJ103,494152.84264,5403525.951,36.56304643248776,245.9672709223289,0.5316813024547496,13
WF-1-BJ104,494127.79806,5403525.956,36.83666621973407,246.43997479295462,0.534358410205255,13
WF-1-BJ105,494102.75348,5403525.961,37.1005886171463,246.85799190692384,0.5364909922615377,13
WF-1-BJ106,494077.70889999997,5403525.966,37.348204189092044,247.20222866946386,0.5380462556369654,13
WF-1-BJ107,494052.66432,5403525.971,37.576041680654924,247.46135482475944,0.5390260371944422,13
WF-1-BJ108,494027.61974,5403525.976,37.78260476768787,247.63164040384916,0.5394712348572652,13
WF-1-BJ109,494002.57516,5403525.981,37.967736476482486,247.71599381991,0.5394496490278979,13
WF-1-BJ110,493977.53057999996,5403525.986,38.13207662357743,247.7228838461877,0.5390461506909813,13
WF-1-BJ111,493952.486,5403525.990999999,38.27389128763573,247.65902864297635,0.5383334005876194,13
WF-1-BJ112,493927.44142,5403525.996,38.396579147809966,247.55223246884253,0.5374668512029401,13
WF-1-BJ113,493902.39684,5403526.001,38.50224312812452,247.42285503934863,0.5365526864323154,13
WF-1-BJ114,493877.35225999996,5403526.006,38.59198128899448,247.28689168821506,0.5356738899323598,13
WF-1-BJ115,493852.30767999997,5403526.011,38.66692942303799,247.15842199957672,0.5349015551421986,13
WF-1-BJ116,493827.2631,5403551.5485,38.67044923970755,247.81376448687314,0.5369668449348923,13
WF-1-BJ117,493827.2631,5403577.081,38.624104596671806,248.57897491182393,0.5391731472659531,13
WF-1-BJ118,493827.2631,5403602.6135,38.58769464791004,249.34175416066157,0.5409107981395118,13
WF-1-BJ119,493827.2631,5403628.146,38.55936285501292,250.09849747263326,0.542189630499758,13
WF-1-BJ120,493827.2631,5403653.678499999,38.537190018994956,250.84447036560243,0.5430298852156697,13
WF-1-BJ121,493827.2631,5403679.210999999,38.519384899692234,251.57367788927994,0.5434631275467711,13
WF-1-BJ122,493827.2631,5403704.7435,38.50442092390848,252.27902064589577,0.5435334976248586,13
WF-1-ZX1,493929.3930987325,5403628.12991072,38.36201829738538,250.73780121834852,0.542170243093356,13
WF-1-ZX2,493954.39309842227,5403628.125972288,38.303191001911756,250.86512742563087,0.5422083225313319,13
WF-1-ZX3,493979.3930981121,5403628.122033857,38.24087439037155,250.9619227986808,0.5422551767629055,13
WF-1-ZX4,494004.39309780183,5403628.118095425,38.175010745748,251.00937464894758,0.5423235567087119,13
WF-1-ZX5,494029.39309749164,5403628.114156994,38.10659174229872,251.00187461875225,0.5424328117769904,13
WF-1-ZX6,494054.3930971814,5403628.110218562,38.03644340832973,250.9349956356121,0.5426070566175885,13
WF-1-ZX7,494079.39309687115,5403628.10628013,37.96572260847647,250.80567840961368,0.5428764675460865,13
WF-1-ZX8,494104.39309656096,5403628.102341699,37.89629975881415,250.61463334165364,0.5432777332611615,13
WF-1-ZX9,494129.3930962507,5403628.098403268,37.831060667272524,250.3670582233559,0.5438564305376686,13
WF-1-ZX10,494154.39309594047,5403628.094464837,37.774242371285894,250.07327828827306,0.5446705247614814,13
WF-1-ZX11,494179.3930956303,5403628.090526405,37.73761083897037,249.75014296402438,0.545897923598421,13
WF-1-ZX12,494204.39309532003,5403628.086587973,37.730161513271625,249.4309834945749,0.5476410175425476,13
WF-1-ZX13,494229.39309500984,5403628.082649542,37.764221050325084,249.13954572257825,0.550088304612699,13
WF-1-ZX14,494254.3930946996,5403628.07871111,37.85373403515993,248.8960397555939,0.5534729048506974,13
WF-1-ZX15,494279.39309438935,5403628.074772679,38.01361403342108,248.71504275908788,0.5580620998941787,13
WF-1-ZX16,494304.39309407916,5403628.070834247,38.25922364214969,248.60378968665967,0.5641466244192443,13
WF-1-ZX17,494329.3930937689,5403628.0668958165,38.60868662595607,248.56223587192494,0.5720780936644201,13
WF-1-ZX18,494354.39309345867,5403628.062957385,39.09949023100482,248.5825176032298,0.5825590835860031,13
WF-1-ZX19,494379.3930931485,5403628.059018953,39.725704714200624,248.62928753911132,0.5954790041845949,13
WF-1-ZX20,494404.39309283823,5403628.055080522,40.4983340971141,248.67636910066864,0.6109980221259887,13
WF-1-ZX21,494429.39309252804,5403628.05114209,41.42639242351355,248.69569927108552,0.629211031524731,13
WF-1-ZX22,494454.3930922178,5403628.047203659,42.51637306681132,248.6585702045385,0.6501411077317734,13
WF-1-ZX23,494479.39309190755,5403628.043265227,43.77162539214122,248.53683672810533,0.6737333331851545,13
WF-1-ZX24,494504.39309159736,5403628.039326795,45.199989990031305,248.2965284361977,0.6999664830192811,13
WF-1-ZX25,494529.3930912871,5403628.035388364,46.805256107931825,247.89648156244328,0.7286865048212899,13
WF-1-ZX26,494554.39309097687,5403628.031449933,48.542458260531184,247.34298616497614,0.7590698019087949,13
WF-1-ZX27,494579.3930906667,5403628.027511502,50.38175835738692,246.63512033138056,0.7905491787598258,13
WF-1-ZX28,494604.39309035643,5403628.02357307,52.28222682576431,245.784064166752,0.8224223166143366,13
WF-1-ZX29,494629.39309004624,5403628.019634638,54.19087276948477,244.81523810152703,0.8538427714389918,13
WF-1-ZX30,494654.393089736,5403628.015696207,56.042093908907034,243.77023662290503,0.8838147424526848,13
WF-1-ZX31,494679.39308942575,5403628.011757775,57.7352307909829,242.71730912466455,0.9108168364830662,13
WF-1-ZX32,494704.39308911556,5403628.007819344,59.13614965582097,241.77758969549325,0.932905521419205,13
WF-1-ZX33,494729.3930888053,5403628.003880912,60.171407434943774,241.05718690835113,0.949095276617541,13
WF-1-ZX34,494754.39308849507,5403627.999942481,60.76645508041092,240.65999179505866,0.9582572954386506,13
WF-1-ZX35,494779.3930881849,5403627.99600405,60.87379672353024,240.6769586599102,0.9595814115279038,13
WF-1-ZX36,494804.39308787463,5403627.992065618,60.481086519867844,241.17548746710014,0.9526795335085437,13
WF-1-ZX37,494829.39308756444,5403627.988127187,59.61708928708286,242.18984619017368,0.9376647715490054,13
WF-1-ZX38,494854.3930872542,5403627.984188755,58.3288045279601,243.76051655902546,0.9145495260749252,13
WF-1-ZX39,494879.39308694395,5403627.980250323,56.79379378365266,245.78140636636738,0.8853014537415069,13
WF-1-ZX40,494904.39308663376,5403627.976311892,55.18840226609822,248.09931713114693,0.8521631122581845,13
WF-1-ZX41,494929.3930863235,5403627.97237346,53.645956979947485,250.5990700126266,0.8166536797342527,13
WF-1-ZX42,494954.39308601327,5403627.9684350295,52.28331141244293,253.16777123586064,0.7801371585240928,13
WF-1-ZX43,494979.3930857031,5403627.964496598,51.19535019098454,255.70182388804977,0.743768489701103,13
WF-1-ZX44,495004.39308539283,5403627.960558167,50.451362731596554,258.1122065697898,0.7084673764825207,13
WF-1-ZX45,495029.39308508264,5403627.956619735,50.15010426098317,260.2896158691268,0.6752815693040795,13
WF-1-ZX46,495054.3930847724,5403627.952681303,50.25702770137147,262.1930241077518,0.6446706443914235,13
WF-1-ZX47,495079.39308446215,5403627.948742872,50.70849771353045,263.81315718700836,0.6168891544161152,13
